timestamp,utc,src,src_ent,src_ent_label,dst,dst_ent,state
1788775895.6252105,2026-09-07T10:11:35.625210Z,8259,49,Navigation,65535,255,0
1788775896.62524,2026-09-07T10:11:36.625240Z,8259,49,Navigation,65535,255,0
1788775897.625188,2026-09-07T10:11:37.625188Z,8259,49,Navigation,65535,255,0
1788775898.6251907,2026-09-07T10:11:38.625190Z,8259,49,Navigation,65535,255,0
1788775900.0252433,2026-09-07T10:11:40.025243Z,8259,49,Navigation,65535,255,0
1788775901.0251787,2026-09-07T10:11:41.025178Z,8259,49,Navigation,65535,255,0
1788775902.02518,2026-09-07T10:11:42.025180Z,8259,49,Navigation,65535,255,0
1788775903.0252762,2026-09-07T10:11:43.025276Z,8259,49,Navigation,65535,255,0
1788775904.0252337,2026-09-07T10:11:44.025233Z,8259,49,Navigation,65535,255,0
1788775905.0252259,2026-09-07T10:11:45.025225Z,8259,49,Navigation,65535,255,0
1788775906.0252364,2026-09-07T10:11:46.025236Z,8259,49,Navigation,65535,255,0
1788775907.0252168,2026-09-07T10:11:47.025216Z,8259,49,Navigation,65535,255,0
1788775908.0251873,2026-09-07T10:11:48.025187Z,8259,49,Navigation,65535,255,0
1788775909.075193,2026-09-07T10:11:49.075192Z,8259,49,Navigation,65535,255,0
1788775910.0751898,2026-09-07T10:11:50.075189Z,8259,49,Navigation,65535,255,0
1788775911.0751853,2026-09-07T10:11:51.075185Z,8259,49,Navigation,65535,255,0
1788775912.0752192,2026-09-07T10:11:52.075219Z,8259,49,Navigation,65535,255,0
1788775913.0751805,2026-09-07T10:11:53.075180Z,8259,49,Navigation,65535,255,0
1788775914.0752,2026-09-07T10:11:54.075200Z,8259,49,Navigation,65535,255,0
1788775915.0752108,2026-09-07T10:11:55.075210Z,8259,49,Navigation,65535,255,0
1788775917.0252128,2026-09-07T10:11:57.025212Z,8259,49,Navigation,65535,255,0
1788775918.0251877,2026-09-07T10:11:58.025187Z,8259,49,Navigation,65535,255,0
1788775919.0252147,2026-09-07T10:11:59.025214Z,8259,49,Navigation,65535,255,0
1788775920.0252137,2026-09-07T10:12:00.025213Z,8259,49,Navigation,65535,255,0
1788775921.1252162,2026-09-07T10:12:01.125216Z,8259,49,Navigation,65535,255,0
1788775922.125193,2026-09-07T10:12:02.125193Z,8259,49,Navigation,65535,255,0
1788775923.1252494,2026-09-07T10:12:03.125249Z,8259,49,Navigation,65535,255,0
1788775924.1252956,2026-09-07T10:12:04.125295Z,8259,49,Navigation,65535,255,0
1788775925.1751914,2026-09-07T10:12:05.175191Z,8259,49,Navigation,65535,255,0
1788775926.1751642,2026-09-07T10:12:06.175164Z,8259,49,Navigation,65535,255,0
1788775927.1752,2026-09-07T10:12:07.175199Z,8259,49,Navigation,65535,255,0
1788775928.1751988,2026-09-07T10:12:08.175198Z,8259,49,Navigation,65535,255,0
1788775929.1751766,2026-09-07T10:12:09.175176Z,8259,49,Navigation,65535,255,0
1788775930.1751997,2026-09-07T10:12:10.175199Z,8259,49,Navigation,65535,255,0
1788775931.1752012,2026-09-07T10:12:11.175201Z,8259,49,Navigation,65535,255,0
1788775932.1752107,2026-09-07T10:12:12.175210Z,8259,49,Navigation,65535,255,0
1788775933.1751764,2026-09-07T10:12:13.175176Z,8259,49,Navigation,65535,255,0
1788775934.1752028,2026-09-07T10:12:14.175202Z,8259,49,Navigation,65535,255,0
1788775935.425215,2026-09-07T10:12:15.425215Z,8259,49,Navigation,65535,255,0
1788775936.4252539,2026-09-07T10:12:16.425253Z,8259,49,Navigation,65535,255,0
1788775937.4251924,2026-09-07T10:12:17.425192Z,8259,49,Navigation,65535,255,0
1788775938.4252086,2026-09-07T10:12:18.425208Z,8259,49,Navigation,65535,255,0
1788775939.4251945,2026-09-07T10:12:19.425194Z,8259,49,Navigation,65535,255,0
1788775940.4751992,2026-09-07T10:12:20.475199Z,8259,49,Navigation,65535,255,0
1788775941.4752011,2026-09-07T10:12:21.475201Z,8259,49,Navigation,65535,255,0
1788775942.47522,2026-09-07T10:12:22.475219Z,8259,49,Navigation,65535,255,0
1788775943.4751842,2026-09-07T10:12:23.475184Z,8259,49,Navigation,65535,255,0
1788775944.475218,2026-09-07T10:12:24.475218Z,8259,49,Navigation,65535,255,0
1788775946.075208,2026-09-07T10:12:26.075207Z,8259,49,Navigation,65535,255,0
1788775947.0751998,2026-09-07T10:12:27.075199Z,8259,49,Navigation,65535,255,0
1788775948.075231,2026-09-07T10:12:28.075231Z,8259,49,Navigation,65535,255,0
1788775949.0752053,2026-09-07T10:12:29.075205Z,8259,49,Navigation,65535,255,0
1788775950.075214,2026-09-07T10:12:30.075213Z,8259,49,Navigation,65535,255,0
1788775951.125198,2026-09-07T10:12:31.125197Z,8259,49,Navigation,65535,255,0
1788775952.125242,2026-09-07T10:12:32.125241Z,8259,49,Navigation,65535,255,0
1788775953.125231,2026-09-07T10:12:33.125231Z,8259,49,Navigation,65535,255,0
1788775954.1252418,2026-09-07T10:12:34.125241Z,8259,49,Navigation,65535,255,0
1788775955.1252685,2026-09-07T10:12:35.125268Z,8259,49,Navigation,65535,255,0
1788775956.1252124,2026-09-07T10:12:36.125212Z,8259,49,Navigation,65535,255,0
1788775957.1251886,2026-09-07T10:12:37.125188Z,8259,49,Navigation,65535,255,0
1788775958.125201,2026-09-07T10:12:38.125200Z,8259,49,Navigation,65535,255,0
1788775959.125251,2026-09-07T10:12:39.125251Z,8259,49,Navigation,65535,255,0
1788775960.175174,2026-09-07T10:12:40.175173Z,8259,49,Navigation,65535,255,0
1788775961.1751955,2026-09-07T10:12:41.175195Z,8259,49,Navigation,65535,255,0
1788775962.1751857,2026-09-07T10:12:42.175185Z,8259,49,Navigation,65535,255,0
1788775963.1751783,2026-09-07T10:12:43.175178Z,8259,49,Navigation,65535,255,0
1788775964.175209,2026-09-07T10:12:44.175209Z,8259,49,Navigation,65535,255,0
1788775965.175191,2026-09-07T10:12:45.175190Z,8259,49,Navigation,65535,255,0
1788775966.1752079,2026-09-07T10:12:46.175207Z,8259,49,Navigation,65535,255,0
1788775967.175179,2026-09-07T10:12:47.175179Z,8259,49,Navigation,65535,255,0
1788775968.1752117,2026-09-07T10:12:48.175211Z,8259,49,Navigation,65535,255,0
1788775969.1752071,2026-09-07T10:12:49.175207Z,8259,49,Navigation,65535,255,0
1788775970.525448,2026-09-07T10:12:50.525448Z,8259,49,Navigation,65535,255,0
1788775971.5252175,2026-09-07T10:12:51.525217Z,8259,49,Navigation,65535,255,0
1788775972.5253322,2026-09-07T10:12:52.525332Z,8259,49,Navigation,65535,255,0
1788775973.5251958,2026-09-07T10:12:53.525195Z,8259,49,Navigation,65535,255,0
1788775974.5253665,2026-09-07T10:12:54.525366Z,8259,49,Navigation,65535,255,0
1788775975.5252206,2026-09-07T10:12:55.525220Z,8259,49,Navigation,65535,255,0
1788775976.5252078,2026-09-07T10:12:56.525207Z,8259,49,Navigation,65535,255,0
1788775977.525212,2026-09-07T10:12:57.525212Z,8259,49,Navigation,65535,255,0
1788775978.5751967,2026-09-07T10:12:58.575196Z,8259,49,Navigation,65535,255,0
1788775979.5752056,2026-09-07T10:12:59.575205Z,8259,49,Navigation,65535,255,0
1788775980.575216,2026-09-07T10:13:00.575216Z,8259,49,Navigation,65535,255,0
1788775981.5752277,2026-09-07T10:13:01.575227Z,8259,49,Navigation,65535,255,0
1788775982.575207,2026-09-07T10:13:02.575206Z,8259,49,Navigation,65535,255,0
1788775983.5752277,2026-09-07T10:13:03.575227Z,8259,49,Navigation,65535,255,0
1788775984.575206,2026-09-07T10:13:04.575206Z,8259,49,Navigation,65535,255,0
1788775985.5751839,2026-09-07T10:13:05.575183Z,8259,49,Navigation,65535,255,0
1788775986.5752084,2026-09-07T10:13:06.575208Z,8259,49,Navigation,65535,255,0
1788775987.5752115,2026-09-07T10:13:07.575211Z,8259,49,Navigation,65535,255,0
1788775988.6252046,2026-09-07T10:13:08.625204Z,8259,49,Navigation,65535,255,0
1788775989.6252263,2026-09-07T10:13:09.625226Z,8259,49,Navigation,65535,255,0
1788775990.6252472,2026-09-07T10:13:10.625247Z,8259,49,Navigation,65535,255,0
1788775991.6251998,2026-09-07T10:13:11.625199Z,8259,49,Navigation,65535,255,0
1788775992.6252124,2026-09-07T10:13:12.625212Z,8259,49,Navigation,65535,255,0
1788775993.6251879,2026-09-07T10:13:13.625187Z,8259,49,Navigation,65535,255,0
1788775994.6251965,2026-09-07T10:13:14.625196Z,8259,49,Navigation,65535,255,0
1788775995.6252716,2026-09-07T10:13:15.625271Z,8259,49,Navigation,65535,255,0
1788775996.6252117,2026-09-07T10:13:16.625211Z,8259,49,Navigation,65535,255,0
1788775997.6751695,2026-09-07T10:13:17.675169Z,8259,49,Navigation,65535,255,0
1788775998.6751845,2026-09-07T10:13:18.675184Z,8259,49,Navigation,65535,255,0
1788775999.6751995,2026-09-07T10:13:19.675199Z,8259,49,Navigation,65535,255,0
1788776000.6752198,2026-09-07T10:13:20.675219Z,8259,49,Navigation,65535,255,0
1788776001.675225,2026-09-07T10:13:21.675225Z,8259,49,Navigation,65535,255,0
1788776002.6751997,2026-09-07T10:13:22.675199Z,8259,49,Navigation,65535,255,0
1788776003.6751845,2026-09-07T10:13:23.675184Z,8259,49,Navigation,65535,255,0
1788776004.675218,2026-09-07T10:13:24.675218Z,8259,49,Navigation,65535,255,0
1788776005.675211,2026-09-07T10:13:25.675210Z,8259,49,Navigation,65535,255,0
1788776006.6752238,2026-09-07T10:13:26.675223Z,8259,49,Navigation,65535,255,0
1788776007.675192,2026-09-07T10:13:27.675192Z,8259,49,Navigation,65535,255,0
1788776008.675229,2026-09-07T10:13:28.675229Z,8259,49,Navigation,65535,255,0
1788776009.675227,2026-09-07T10:13:29.675226Z,8259,49,Navigation,65535,255,0
1788776010.7251961,2026-09-07T10:13:30.725196Z,8259,49,Navigation,65535,255,0
1788776011.7252288,2026-09-07T10:13:31.725228Z,8259,49,Navigation,65535,255,0
1788776012.7252371,2026-09-07T10:13:32.725237Z,8259,49,Navigation,65535,255,0
1788776013.7252195,2026-09-07T10:13:33.725219Z,8259,49,Navigation,65535,255,0
1788776014.7252228,2026-09-07T10:13:34.725222Z,8259,49,Navigation,65535,255,0
1788776015.7252114,2026-09-07T10:13:35.725211Z,8259,49,Navigation,65535,255,0
1788776016.7252247,2026-09-07T10:13:36.725224Z,8259,49,Navigation,65535,255,0
1788776017.725225,2026-09-07T10:13:37.725224Z,8259,49,Navigation,65535,255,0
1788776018.7252097,2026-09-07T10:13:38.725209Z,8259,49,Navigation,65535,255,0
1788776019.7252119,2026-09-07T10:13:39.725211Z,8259,49,Navigation,65535,255,0
1788776020.7752151,2026-09-07T10:13:40.775215Z,8259,49,Navigation,65535,255,0
1788776021.7752168,2026-09-07T10:13:41.775216Z,8259,49,Navigation,65535,255,0
1788776022.775179,2026-09-07T10:13:42.775178Z,8259,49,Navigation,65535,255,0
1788776023.775222,2026-09-07T10:13:43.775222Z,8259,49,Navigation,65535,255,0
1788776024.7752023,2026-09-07T10:13:44.775202Z,8259,49,Navigation,65535,255,0
1788776025.7752047,2026-09-07T10:13:45.775204Z,8259,49,Navigation,65535,255,0
1788776026.7752042,2026-09-07T10:13:46.775204Z,8259,49,Navigation,65535,255,0
1788776027.7752051,2026-09-07T10:13:47.775205Z,8259,49,Navigation,65535,255,0
1788776028.775187,2026-09-07T10:13:48.775187Z,8259,49,Navigation,65535,255,0
1788776029.7752116,2026-09-07T10:13:49.775211Z,8259,49,Navigation,65535,255,0
1788776030.825197,2026-09-07T10:13:50.825196Z,8259,49,Navigation,65535,255,0
1788776031.8252306,2026-09-07T10:13:51.825230Z,8259,49,Navigation,65535,255,0
1788776032.8252025,2026-09-07T10:13:52.825202Z,8259,49,Navigation,65535,255,0
1788776033.825192,2026-09-07T10:13:53.825191Z,8259,49,Navigation,65535,255,0
1788776034.8252234,2026-09-07T10:13:54.825223Z,8259,49,Navigation,65535,255,0
1788776035.8252118,2026-09-07T10:13:55.825211Z,8259,49,Navigation,65535,255,0
1788776036.8252928,2026-09-07T10:13:56.825292Z,8259,49,Navigation,65535,255,0
1788776037.825217,2026-09-07T10:13:57.825217Z,8259,49,Navigation,65535,255,0
1788776038.82521,2026-09-07T10:13:58.825210Z,8259,49,Navigation,65535,255,0
1788776039.8252265,2026-09-07T10:13:59.825226Z,8259,49,Navigation,65535,255,0
1788776040.8751929,2026-09-07T10:14:00.875192Z,8259,49,Navigation,65535,255,0
1788776041.875197,2026-09-07T10:14:01.875196Z,8259,49,Navigation,65535,255,0
1788776042.875196,2026-09-07T10:14:02.875195Z,8259,49,Navigation,65535,255,0
1788776043.8752003,2026-09-07T10:14:03.875200Z,8259,49,Navigation,65535,255,0
1788776044.8752005,2026-09-07T10:14:04.875200Z,8259,49,Navigation,65535,255,0
1788776045.875203,2026-09-07T10:14:05.875202Z,8259,49,Navigation,65535,255,0
1788776046.875177,2026-09-07T10:14:06.875176Z,8259,49,Navigation,65535,255,0
1788776047.8751903,2026-09-07T10:14:07.875190Z,8259,49,Navigation,65535,255,0
1788776048.8752081,2026-09-07T10:14:08.875208Z,8259,49,Navigation,65535,255,0
1788776049.8752155,2026-09-07T10:14:09.875215Z,8259,49,Navigation,65535,255,0
1788776050.8751853,2026-09-07T10:14:10.875185Z,8259,49,Navigation,65535,255,0
1788776051.8752105,2026-09-07T10:14:11.875210Z,8259,49,Navigation,65535,255,0
1788776052.8752284,2026-09-07T10:14:12.875228Z,8259,49,Navigation,65535,255,0
1788776053.9252641,2026-09-07T10:14:13.925264Z,8259,49,Navigation,65535,255,0
1788776054.9252272,2026-09-07T10:14:14.925227Z,8259,49,Navigation,65535,255,0
1788776055.9252262,2026-09-07T10:14:15.925226Z,8259,49,Navigation,65535,255,0
1788776056.9252229,2026-09-07T10:14:16.925222Z,8259,49,Navigation,65535,255,0
1788776057.9252074,2026-09-07T10:14:17.925207Z,8259,49,Navigation,65535,255,0
1788776058.9252605,2026-09-07T10:14:18.925260Z,8259,49,Navigation,65535,255,0
1788776059.925211,2026-09-07T10:14:19.925210Z,8259,49,Navigation,65535,255,0
1788776060.9252565,2026-09-07T10:14:20.925256Z,8259,49,Navigation,65535,255,0
1788776061.9252644,2026-09-07T10:14:21.925264Z,8259,49,Navigation,65535,255,0
1788776062.9252112,2026-09-07T10:14:22.925211Z,8259,49,Navigation,65535,255,0
1788776063.975165,2026-09-07T10:14:23.975164Z,8259,49,Navigation,65535,255,0
1788776064.9751923,2026-09-07T10:14:24.975192Z,8259,49,Navigation,65535,255,0
1788776065.9751985,2026-09-07T10:14:25.975198Z,8259,49,Navigation,65535,255,0
1788776066.9752126,2026-09-07T10:14:26.975212Z,8259,49,Navigation,65535,255,0
1788776067.9752102,2026-09-07T10:14:27.975210Z,8259,49,Navigation,65535,255,0
1788776068.9752119,2026-09-07T10:14:28.975211Z,8259,49,Navigation,65535,255,0
1788776069.9752145,2026-09-07T10:14:29.975214Z,8259,49,Navigation,65535,255,0
1788776070.97521,2026-09-07T10:14:30.975209Z,8259,49,Navigation,65535,255,0
1788776071.9752033,2026-09-07T10:14:31.975203Z,8259,49,Navigation,65535,255,0
1788776073.0251918,2026-09-07T10:14:33.025191Z,8259,49,Navigation,65535,255,0
1788776074.0253592,2026-09-07T10:14:34.025359Z,8259,49,Navigation,65535,255,0
1788776075.0252044,2026-09-07T10:14:35.025204Z,8259,49,Navigation,65535,255,0
1788776076.0252137,2026-09-07T10:14:36.025213Z,8259,49,Navigation,65535,255,0
1788776077.0252135,2026-09-07T10:14:37.025213Z,8259,49,Navigation,65535,255,0
1788776078.0252404,2026-09-07T10:14:38.025240Z,8259,49,Navigation,65535,255,0
1788776079.0252168,2026-09-07T10:14:39.025216Z,8259,49,Navigation,65535,255,0
1788776080.0251927,2026-09-07T10:14:40.025192Z,8259,49,Navigation,65535,255,0
1788776081.0251758,2026-09-07T10:14:41.025175Z,8259,49,Navigation,65535,255,0
1788776082.0252097,2026-09-07T10:14:42.025209Z,8259,49,Navigation,65535,255,0
1788776083.0252142,2026-09-07T10:14:43.025214Z,8259,49,Navigation,65535,255,0
1788776084.0752025,2026-09-07T10:14:44.075202Z,8259,49,Navigation,65535,255,0
1788776085.075199,2026-09-07T10:14:45.075198Z,8259,49,Navigation,65535,255,0
1788776086.075195,2026-09-07T10:14:46.075195Z,8259,49,Navigation,65535,255,0
1788776087.0752199,2026-09-07T10:14:47.075219Z,8259,49,Navigation,65535,255,0
1788776088.0752046,2026-09-07T10:14:48.075204Z,8259,49,Navigation,65535,255,0
1788776089.0752444,2026-09-07T10:14:49.075244Z,8259,49,Navigation,65535,255,0
1788776090.0752242,2026-09-07T10:14:50.075224Z,8259,49,Navigation,65535,255,0
1788776091.075265,2026-09-07T10:14:51.075264Z,8259,49,Navigation,65535,255,0
1788776092.0752027,2026-09-07T10:14:52.075202Z,8259,49,Navigation,65535,255,0
1788776093.0752058,2026-09-07T10:14:53.075205Z,8259,49,Navigation,65535,255,0
1788776094.0751815,2026-09-07T10:14:54.075181Z,8259,49,Navigation,65535,255,0
1788776095.0752344,2026-09-07T10:14:55.075234Z,8259,49,Navigation,65535,255,0
1788776096.075243,2026-09-07T10:14:56.075242Z,8259,49,Navigation,65535,255,0
1788776097.1251981,2026-09-07T10:14:57.125198Z,8259,49,Navigation,65535,255,0
1788776098.1252637,2026-09-07T10:14:58.125263Z,8259,49,Navigation,65535,255,0
1788776099.1252153,2026-09-07T10:14:59.125215Z,8259,49,Navigation,65535,255,0
1788776100.125224,2026-09-07T10:15:00.125224Z,8259,49,Navigation,65535,255,0
1788776101.1252043,2026-09-07T10:15:01.125204Z,8259,49,Navigation,65535,255,0
1788776102.1252108,2026-09-07T10:15:02.125210Z,8259,49,Navigation,65535,255,0
1788776103.1252067,2026-09-07T10:15:03.125206Z,8259,49,Navigation,65535,255,0
1788776104.125221,2026-09-07T10:15:04.125221Z,8259,49,Navigation,65535,255,0
1788776105.12521,2026-09-07T10:15:05.125210Z,8259,49,Navigation,65535,255,0
1788776106.1251895,2026-09-07T10:15:06.125189Z,8259,49,Navigation,65535,255,0
1788776107.1751904,2026-09-07T10:15:07.175190Z,8259,49,Navigation,65535,255,0
1788776108.1752586,2026-09-07T10:15:08.175258Z,8259,49,Navigation,65535,255,0
1788776109.1751666,2026-09-07T10:15:09.175166Z,8259,49,Navigation,65535,255,0
1788776110.1752787,2026-09-07T10:15:10.175278Z,8259,49,Navigation,65535,255,0
1788776111.1751792,2026-09-07T10:15:11.175179Z,8259,49,Navigation,65535,255,0
1788776112.1751964,2026-09-07T10:15:12.175196Z,8259,49,Navigation,65535,255,0
1788776113.1752024,2026-09-07T10:15:13.175202Z,8259,49,Navigation,65535,255,0
1788776114.5252395,2026-09-07T10:15:14.525239Z,8259,49,Navigation,65535,255,0
1788776115.5252414,2026-09-07T10:15:15.525241Z,8259,49,Navigation,65535,255,0
1788776116.5252326,2026-09-07T10:15:16.525232Z,8259,49,Navigation,65535,255,0
1788776117.525223,2026-09-07T10:15:17.525223Z,8259,49,Navigation,65535,255,0
1788776118.5251904,2026-09-07T10:15:18.525190Z,8259,49,Navigation,65535,255,0
1788776119.5252151,2026-09-07T10:15:19.525215Z,8259,49,Navigation,65535,255,0
1788776120.5252142,2026-09-07T10:15:20.525214Z,8259,49,Navigation,65535,255,0
1788776121.5252101,2026-09-07T10:15:21.525210Z,8259,49,Navigation,65535,255,0
1788776122.57521,2026-09-07T10:15:22.575210Z,8259,49,Navigation,65535,255,0
1788776123.5752568,2026-09-07T10:15:23.575256Z,8259,49,Navigation,65535,255,0
1788776124.575169,2026-09-07T10:15:24.575169Z,8259,49,Navigation,65535,255,0
1788776125.5752287,2026-09-07T10:15:25.575228Z,8259,49,Navigation,65535,255,0
1788776126.5752337,2026-09-07T10:15:26.575233Z,8259,49,Navigation,65535,255,0
1788776127.5752044,2026-09-07T10:15:27.575204Z,8259,49,Navigation,65535,255,0
1788776128.575217,2026-09-07T10:15:28.575217Z,8259,49,Navigation,65535,255,0
1788776129.5752115,2026-09-07T10:15:29.575211Z,8259,49,Navigation,65535,255,0
1788776130.5752172,2026-09-07T10:15:30.575217Z,8259,49,Navigation,65535,255,0
1788776131.5752108,2026-09-07T10:15:31.575210Z,8259,49,Navigation,65535,255,0
1788776132.6252167,2026-09-07T10:15:32.625216Z,8259,49,Navigation,65535,255,0
1788776133.6252131,2026-09-07T10:15:33.625213Z,8259,49,Navigation,65535,255,0
1788776134.6251905,2026-09-07T10:15:34.625190Z,8259,49,Navigation,65535,255,0
1788776135.6251874,2026-09-07T10:15:35.625187Z,8259,49,Navigation,65535,255,0
1788776136.6252394,2026-09-07T10:15:36.625239Z,8259,49,Navigation,65535,255,0
1788776137.6252487,2026-09-07T10:15:37.625248Z,8259,49,Navigation,65535,255,0
1788776138.6252167,2026-09-07T10:15:38.625216Z,8259,49,Navigation,65535,255,0
1788776139.6252306,2026-09-07T10:15:39.625230Z,8259,49,Navigation,65535,255,0
1788776140.6252196,2026-09-07T10:15:40.625219Z,8259,49,Navigation,65535,255,0
1788776141.6252012,2026-09-07T10:15:41.625201Z,8259,49,Navigation,65535,255,0
1788776142.6751986,2026-09-07T10:15:42.675198Z,8259,49,Navigation,65535,255,0
1788776143.6752021,2026-09-07T10:15:43.675202Z,8259,49,Navigation,65535,255,0
1788776144.6752107,2026-09-07T10:15:44.675210Z,8259,49,Navigation,65535,255,0
1788776145.6751935,2026-09-07T10:15:45.675193Z,8259,49,Navigation,65535,255,0
1788776146.6752326,2026-09-07T10:15:46.675232Z,8259,49,Navigation,65535,255,0
1788776147.6752179,2026-09-07T10:15:47.675217Z,8259,49,Navigation,65535,255,0
1788776148.6752381,2026-09-07T10:15:48.675238Z,8259,49,Navigation,65535,255,0
1788776149.6752214,2026-09-07T10:15:49.675221Z,8259,49,Navigation,65535,255,0
1788776150.6752565,2026-09-07T10:15:50.675256Z,8259,49,Navigation,65535,255,0
1788776151.675225,2026-09-07T10:15:51.675225Z,8259,49,Navigation,65535,255,0
1788776152.6752017,2026-09-07T10:15:52.675201Z,8259,49,Navigation,65535,255,0
1788776153.6753674,2026-09-07T10:15:53.675367Z,8259,49,Navigation,65535,255,0
1788776154.6752553,2026-09-07T10:15:54.675255Z,8259,49,Navigation,65535,255,0
1788776155.7252188,2026-09-07T10:15:55.725218Z,8259,49,Navigation,65535,255,0
1788776156.7252252,2026-09-07T10:15:56.725225Z,8259,49,Navigation,65535,255,0
1788776157.7252214,2026-09-07T10:15:57.725221Z,8259,49,Navigation,65535,255,0
1788776158.7252307,2026-09-07T10:15:58.725230Z,8259,49,Navigation,65535,255,0
1788776159.7252276,2026-09-07T10:15:59.725227Z,8259,49,Navigation,65535,255,0
1788776160.7252195,2026-09-07T10:16:00.725219Z,8259,49,Navigation,65535,255,0
1788776161.7252324,2026-09-07T10:16:01.725232Z,8259,49,Navigation,65535,255,0
1788776162.7252054,2026-09-07T10:16:02.725205Z,8259,49,Navigation,65535,255,0
1788776163.7252128,2026-09-07T10:16:03.725212Z,8259,49,Navigation,65535,255,0
1788776164.7752912,2026-09-07T10:16:04.775291Z,8259,49,Navigation,65535,255,0
1788776165.7752142,2026-09-07T10:16:05.775214Z,8259,49,Navigation,65535,255,0
1788776166.7751951,2026-09-07T10:16:06.775195Z,8259,49,Navigation,65535,255,0
1788776167.7752094,2026-09-07T10:16:07.775209Z,8259,49,Navigation,65535,255,0
1788776168.7752354,2026-09-07T10:16:08.775235Z,8259,49,Navigation,65535,255,0
1788776169.7752213,2026-09-07T10:16:09.775221Z,8259,49,Navigation,65535,255,0
1788776170.7752223,2026-09-07T10:16:10.775222Z,8259,49,Navigation,65535,255,0
1788776171.775243,2026-09-07T10:16:11.775243Z,8259,49,Navigation,65535,255,0
1788776172.7751856,2026-09-07T10:16:12.775185Z,8259,49,Navigation,65535,255,0
1788776173.7751853,2026-09-07T10:16:13.775185Z,8259,49,Navigation,65535,255,0
1788776174.8251903,2026-09-07T10:16:14.825190Z,8259,49,Navigation,65535,255,0
1788776175.8252928,2026-09-07T10:16:15.825292Z,8259,49,Navigation,65535,255,0
1788776176.8252008,2026-09-07T10:16:16.825200Z,8259,49,Navigation,65535,255,0
1788776177.8251956,2026-09-07T10:16:17.825195Z,8259,49,Navigation,65535,255,0
1788776178.8252127,2026-09-07T10:16:18.825212Z,8259,49,Navigation,65535,255,0
1788776179.8252084,2026-09-07T10:16:19.825208Z,8259,49,Navigation,65535,255,0
1788776180.8252137,2026-09-07T10:16:20.825213Z,8259,49,Navigation,65535,255,0
1788776181.8252108,2026-09-07T10:16:21.825210Z,8259,49,Navigation,65535,255,0
1788776182.8252106,2026-09-07T10:16:22.825210Z,8259,49,Navigation,65535,255,0
1788776183.8252106,2026-09-07T10:16:23.825210Z,8259,49,Navigation,65535,255,0
1788776184.8251913,2026-09-07T10:16:24.825191Z,8259,49,Navigation,65535,255,0
1788776185.8752296,2026-09-07T10:16:25.875229Z,8259,49,Navigation,65535,255,0
1788776186.8752263,2026-09-07T10:16:26.875226Z,8259,49,Navigation,65535,255,0
1788776187.875234,2026-09-07T10:16:27.875233Z,8259,49,Navigation,65535,255,0
1788776188.875265,2026-09-07T10:16:28.875264Z,8259,49,Navigation,65535,255,0
1788776190.0251958,2026-09-07T10:16:30.025195Z,8259,49,Navigation,65535,255,0
1788776191.0252104,2026-09-07T10:16:31.025210Z,8259,49,Navigation,65535,255,0
1788776192.025206,2026-09-07T10:16:32.025206Z,8259,49,Navigation,65535,255,0
1788776193.0252035,2026-09-07T10:16:33.025203Z,8259,49,Navigation,65535,255,0
1788776194.0252047,2026-09-07T10:16:34.025204Z,8259,49,Navigation,65535,255,0
1788776195.0252066,2026-09-07T10:16:35.025206Z,8259,49,Navigation,65535,255,0
1788776196.0252006,2026-09-07T10:16:36.025200Z,8259,49,Navigation,65535,255,0
1788776197.0252094,2026-09-07T10:16:37.025209Z,8259,49,Navigation,65535,255,0
1788776198.0252104,2026-09-07T10:16:38.025210Z,8259,49,Navigation,65535,255,0
1788776199.025209,2026-09-07T10:16:39.025208Z,8259,49,Navigation,65535,255,0
1788776200.0752292,2026-09-07T10:16:40.075229Z,8259,49,Navigation,65535,255,0
1788776201.0752287,2026-09-07T10:16:41.075228Z,8259,49,Navigation,65535,255,0
1788776202.0752716,2026-09-07T10:16:42.075271Z,8259,49,Navigation,65535,255,0
1788776203.0752017,2026-09-07T10:16:43.075201Z,8259,49,Navigation,65535,255,0
1788776204.075254,2026-09-07T10:16:44.075253Z,8259,49,Navigation,65535,255,0
1788776205.075246,2026-09-07T10:16:45.075246Z,8259,49,Navigation,65535,255,0
1788776206.0752542,2026-09-07T10:16:46.075254Z,8259,49,Navigation,65535,255,0
1788776207.6251993,2026-09-07T10:16:47.625199Z,8259,49,Navigation,65535,255,0
1788776208.6252103,2026-09-07T10:16:48.625210Z,8259,49,Navigation,65535,255,0
1788776209.625215,2026-09-07T10:16:49.625215Z,8259,49,Navigation,65535,255,0
1788776210.6252136,2026-09-07T10:16:50.625213Z,8259,49,Navigation,65535,255,0
1788776211.6252987,2026-09-07T10:16:51.625298Z,8259,49,Navigation,65535,255,0
1788776212.625221,2026-09-07T10:16:52.625221Z,8259,49,Navigation,65535,255,0
1788776213.625215,2026-09-07T10:16:53.625215Z,8259,49,Navigation,65535,255,0
1788776214.6252062,2026-09-07T10:16:54.625206Z,8259,49,Navigation,65535,255,0
1788776215.6252127,2026-09-07T10:16:55.625212Z,8259,49,Navigation,65535,255,0
1788776216.6252146,2026-09-07T10:16:56.625214Z,8259,49,Navigation,65535,255,0
1788776217.6252148,2026-09-07T10:16:57.625214Z,8259,49,Navigation,65535,255,0
1788776218.625214,2026-09-07T10:16:58.625214Z,8259,49,Navigation,65535,255,0
1788776219.675197,2026-09-07T10:16:59.675196Z,8259,49,Navigation,65535,255,0
1788776220.675176,2026-09-07T10:17:00.675175Z,8259,49,Navigation,65535,255,0
1788776221.6751966,2026-09-07T10:17:01.675196Z,8259,49,Navigation,65535,255,0
1788776222.6752117,2026-09-07T10:17:02.675211Z,8259,49,Navigation,65535,255,0
1788776223.6751902,2026-09-07T10:17:03.675190Z,8259,49,Navigation,65535,255,0
1788776224.6752672,2026-09-07T10:17:04.675267Z,8259,49,Navigation,65535,255,0
1788776225.6752427,2026-09-07T10:17:05.675242Z,8259,49,Navigation,65535,255,0
1788776226.6752908,2026-09-07T10:17:06.675290Z,8259,49,Navigation,65535,255,0
1788776227.6752057,2026-09-07T10:17:07.675205Z,8259,49,Navigation,65535,255,0
1788776228.6752057,2026-09-07T10:17:08.675205Z,8259,49,Navigation,65535,255,0
1788776229.6752338,2026-09-07T10:17:09.675233Z,8259,49,Navigation,65535,255,0
1788776230.675234,2026-09-07T10:17:10.675234Z,8259,49,Navigation,65535,255,0
1788776231.7252252,2026-09-07T10:17:11.725225Z,8259,49,Navigation,65535,255,0
1788776232.7252157,2026-09-07T10:17:12.725215Z,8259,49,Navigation,65535,255,0
1788776233.7252204,2026-09-07T10:17:13.725220Z,8259,49,Navigation,65535,255,0
1788776234.7252295,2026-09-07T10:17:14.725229Z,8259,49,Navigation,65535,255,0
1788776235.725217,2026-09-07T10:17:15.725217Z,8259,49,Navigation,65535,255,0
1788776236.7251878,2026-09-07T10:17:16.725187Z,8259,49,Navigation,65535,255,0
1788776237.7252123,2026-09-07T10:17:17.725212Z,8259,49,Navigation,65535,255,0
1788776238.725245,2026-09-07T10:17:18.725244Z,8259,49,Navigation,65535,255,0
1788776239.7252138,2026-09-07T10:17:19.725213Z,8259,49,Navigation,65535,255,0
1788776240.775224,2026-09-07T10:17:20.775223Z,8259,49,Navigation,65535,255,0
1788776241.7752306,2026-09-07T10:17:21.775230Z,8259,49,Navigation,65535,255,0
1788776242.7752085,2026-09-07T10:17:22.775208Z,8259,49,Navigation,65535,255,0
1788776243.7752097,2026-09-07T10:17:23.775209Z,8259,49,Navigation,65535,255,0
1788776244.7752264,2026-09-07T10:17:24.775226Z,8259,49,Navigation,65535,255,0
1788776245.7752116,2026-09-07T10:17:25.775211Z,8259,49,Navigation,65535,255,0
1788776246.775248,2026-09-07T10:17:26.775248Z,8259,49,Navigation,65535,255,0
1788776247.7752464,2026-09-07T10:17:27.775246Z,8259,49,Navigation,65535,255,0
1788776248.7752485,2026-09-07T10:17:28.775248Z,8259,49,Navigation,65535,255,0
1788776249.7752063,2026-09-07T10:17:29.775206Z,8259,49,Navigation,65535,255,0
1788776250.7752094,2026-09-07T10:17:30.775209Z,8259,49,Navigation,65535,255,0
1788776251.825191,2026-09-07T10:17:31.825191Z,8259,49,Navigation,65535,255,0
1788776252.8252304,2026-09-07T10:17:32.825230Z,8259,49,Navigation,65535,255,0
1788776253.8252113,2026-09-07T10:17:33.825211Z,8259,49,Navigation,65535,255,0
1788776254.8252206,2026-09-07T10:17:34.825220Z,8259,49,Navigation,65535,255,0
1788776255.825221,2026-09-07T10:17:35.825221Z,8259,49,Navigation,65535,255,0
1788776256.8251894,2026-09-07T10:17:36.825189Z,8259,49,Navigation,65535,255,0
1788776257.825194,2026-09-07T10:17:37.825193Z,8259,49,Navigation,65535,255,0
1788776258.8252134,2026-09-07T10:17:38.825213Z,8259,49,Navigation,65535,255,0
1788776259.825219,2026-09-07T10:17:39.825218Z,8259,49,Navigation,65535,255,0
1788776260.825213,2026-09-07T10:17:40.825212Z,8259,49,Navigation,65535,255,0
1788776261.8752162,2026-09-07T10:17:41.875216Z,8259,49,Navigation,65535,255,0
1788776262.875189,2026-09-07T10:17:42.875189Z,8259,49,Navigation,65535,255,0
1788776263.875186,2026-09-07T10:17:43.875185Z,8259,49,Navigation,65535,255,0
1788776264.8752902,2026-09-07T10:17:44.875290Z,8259,49,Navigation,65535,255,0
1788776265.875217,2026-09-07T10:17:45.875216Z,8259,49,Navigation,65535,255,0
1788776266.8752105,2026-09-07T10:17:46.875210Z,8259,49,Navigation,65535,255,0
1788776267.8752205,2026-09-07T10:17:47.875220Z,8259,49,Navigation,65535,255,0
1788776268.875215,2026-09-07T10:17:48.875215Z,8259,49,Navigation,65535,255,0
1788776269.8752484,2026-09-07T10:17:49.875248Z,8259,49,Navigation,65535,255,0
1788776270.875369,2026-09-07T10:17:50.875369Z,8259,49,Navigation,65535,255,0
1788776271.8752327,2026-09-07T10:17:51.875232Z,8259,49,Navigation,65535,255,0
1788776272.8752077,2026-09-07T10:17:52.875207Z,8259,49,Navigation,65535,255,0
1788776273.925192,2026-09-07T10:17:53.925192Z,8259,49,Navigation,65535,255,0
1788776274.9252212,2026-09-07T10:17:54.925221Z,8259,49,Navigation,65535,255,0
1788776275.9252188,2026-09-07T10:17:55.925218Z,8259,49,Navigation,65535,255,0
1788776276.9252667,2026-09-07T10:17:56.925266Z,8259,49,Navigation,65535,255,0
1788776277.9252307,2026-09-07T10:17:57.925230Z,8259,49,Navigation,65535,255,0
1788776278.9253478,2026-09-07T10:17:58.925347Z,8259,49,Navigation,65535,255,0
1788776279.9253693,2026-09-07T10:17:59.925369Z,8259,49,Navigation,65535,255,0
1788776280.9252234,2026-09-07T10:18:00.925223Z,8259,49,Navigation,65535,255,0
1788776281.9252133,2026-09-07T10:18:01.925213Z,8259,49,Navigation,65535,255,0
1788776282.925217,2026-09-07T10:18:02.925216Z,8259,49,Navigation,65535,255,0
1788776283.975195,2026-09-07T10:18:03.975194Z,8259,49,Navigation,65535,255,0
1788776284.9752963,2026-09-07T10:18:04.975296Z,8259,49,Navigation,65535,255,0
1788776285.9751897,2026-09-07T10:18:05.975189Z,8259,49,Navigation,65535,255,0
1788776286.9751477,2026-09-07T10:18:06.975147Z,8259,49,Navigation,65535,255,0
1788776287.9753332,2026-09-07T10:18:07.975333Z,8259,49,Navigation,65535,255,0
1788776288.9752033,2026-09-07T10:18:08.975203Z,8259,49,Navigation,65535,255,0
1788776289.9752028,2026-09-07T10:18:09.975202Z,8259,49,Navigation,65535,255,0
1788776290.9752073,2026-09-07T10:18:10.975207Z,8259,49,Navigation,65535,255,0
1788776291.9752028,2026-09-07T10:18:11.975202Z,8259,49,Navigation,65535,255,0
1788776293.025236,2026-09-07T10:18:13.025235Z,8259,49,Navigation,65535,255,0
1788776294.0251758,2026-09-07T10:18:14.025175Z,8259,49,Navigation,65535,255,0
1788776295.025223,2026-09-07T10:18:15.025223Z,8259,49,Navigation,65535,255,0
1788776296.0254002,2026-09-07T10:18:16.025400Z,8259,49,Navigation,65535,255,0
1788776297.025325,2026-09-07T10:18:17.025325Z,8259,49,Navigation,65535,255,0
1788776298.0253332,2026-09-07T10:18:18.025333Z,8259,49,Navigation,65535,255,0
1788776299.0252197,2026-09-07T10:18:19.025219Z,8259,49,Navigation,65535,255,0
1788776300.0252116,2026-09-07T10:18:20.025211Z,8259,49,Navigation,65535,255,0
1788776301.0252154,2026-09-07T10:18:21.025215Z,8259,49,Navigation,65535,255,0
1788776302.0252097,2026-09-07T10:18:22.025209Z,8259,49,Navigation,65535,255,0
1788776303.0254092,2026-09-07T10:18:23.025409Z,8259,49,Navigation,65535,255,0
1788776304.0751991,2026-09-07T10:18:24.075199Z,8259,49,Navigation,65535,255,0
1788776305.0751667,2026-09-07T10:18:25.075166Z,8259,49,Navigation,65535,255,0
1788776306.075212,2026-09-07T10:18:26.075212Z,8259,49,Navigation,65535,255,0
1788776307.0752747,2026-09-07T10:18:27.075274Z,8259,49,Navigation,65535,255,0
1788776308.075233,2026-09-07T10:18:28.075232Z,8259,49,Navigation,65535,255,0
1788776309.0752435,2026-09-07T10:18:29.075243Z,8259,49,Navigation,65535,255,0
1788776310.0752003,2026-09-07T10:18:30.075200Z,8259,49,Navigation,65535,255,0
1788776311.0752673,2026-09-07T10:18:31.075267Z,8259,49,Navigation,65535,255,0
1788776312.0752006,2026-09-07T10:18:32.075200Z,8259,49,Navigation,65535,255,0
1788776313.07525,2026-09-07T10:18:33.075249Z,8259,49,Navigation,65535,255,0
1788776314.0752025,2026-09-07T10:18:34.075202Z,8259,49,Navigation,65535,255,0
1788776315.0752316,2026-09-07T10:18:35.075231Z,8259,49,Navigation,65535,255,0
1788776316.125223,2026-09-07T10:18:36.125222Z,8259,49,Navigation,65535,255,0
1788776317.1252031,2026-09-07T10:18:37.125203Z,8259,49,Navigation,65535,255,0
1788776318.1252322,2026-09-07T10:18:38.125232Z,8259,49,Navigation,65535,255,0
1788776319.1251526,2026-09-07T10:18:39.125152Z,8259,49,Navigation,65535,255,0
1788776320.1251886,2026-09-07T10:18:40.125188Z,8259,49,Navigation,65535,255,0
1788776321.125257,2026-09-07T10:18:41.125257Z,8259,49,Navigation,65535,255,0
1788776322.1252909,2026-09-07T10:18:42.125290Z,8259,49,Navigation,65535,255,0
1788776323.1251838,2026-09-07T10:18:43.125183Z,8259,49,Navigation,65535,255,0
1788776324.1252108,2026-09-07T10:18:44.125210Z,8259,49,Navigation,65535,255,0
1788776325.1252842,2026-09-07T10:18:45.125284Z,8259,49,Navigation,65535,255,0
1788776326.5252233,2026-09-07T10:18:46.525223Z,8259,49,Navigation,65535,255,0
1788776327.5252106,2026-09-07T10:18:47.525210Z,8259,49,Navigation,65535,255,0
1788776328.52522,2026-09-07T10:18:48.525219Z,8259,49,Navigation,65535,255,0
1788776329.5252283,2026-09-07T10:18:49.525228Z,8259,49,Navigation,65535,255,0
1788776330.5252593,2026-09-07T10:18:50.525259Z,8259,49,Navigation,65535,255,0
1788776331.5252454,2026-09-07T10:18:51.525245Z,8259,49,Navigation,65535,255,0
1788776332.525214,2026-09-07T10:18:52.525213Z,8259,49,Navigation,65535,255,0
1788776333.5252128,2026-09-07T10:18:53.525212Z,8259,49,Navigation,65535,255,0
1788776334.5751984,2026-09-07T10:18:54.575198Z,8259,49,Navigation,65535,255,0
1788776335.575191,2026-09-07T10:18:55.575191Z,8259,49,Navigation,65535,255,0
1788776336.5752213,2026-09-07T10:18:56.575221Z,8259,49,Navigation,65535,255,0
1788776337.575221,2026-09-07T10:18:57.575221Z,8259,49,Navigation,65535,255,0
1788776338.575217,2026-09-07T10:18:58.575217Z,8259,49,Navigation,65535,255,0
1788776339.57522,2026-09-07T10:18:59.575220Z,8259,49,Navigation,65535,255,0
1788776340.575249,2026-09-07T10:19:00.575248Z,8259,49,Navigation,65535,255,0
1788776341.575226,2026-09-07T10:19:01.575226Z,8259,49,Navigation,65535,255,0
1788776342.5752072,2026-09-07T10:19:02.575207Z,8259,49,Navigation,65535,255,0
1788776343.5752165,2026-09-07T10:19:03.575216Z,8259,49,Navigation,65535,255,0
1788776344.575214,2026-09-07T10:19:04.575213Z,8259,49,Navigation,65535,255,0
1788776345.625264,2026-09-07T10:19:05.625263Z,8259,49,Navigation,65535,255,0
1788776346.625265,2026-09-07T10:19:06.625264Z,8259,49,Navigation,65535,255,0
1788776347.625196,2026-09-07T10:19:07.625195Z,8259,49,Navigation,65535,255,0
1788776348.6251855,2026-09-07T10:19:08.625185Z,8259,49,Navigation,65535,255,0
1788776349.625214,2026-09-07T10:19:09.625214Z,8259,49,Navigation,65535,255,0
1788776350.6252172,2026-09-07T10:19:10.625217Z,8259,49,Navigation,65535,255,0
1788776351.6252139,2026-09-07T10:19:11.625213Z,8259,49,Navigation,65535,255,0
1788776352.62523,2026-09-07T10:19:12.625230Z,8259,49,Navigation,65535,255,0
1788776353.625212,2026-09-07T10:19:13.625211Z,8259,49,Navigation,65535,255,0
1788776354.625188,2026-09-07T10:19:14.625188Z,8259,49,Navigation,65535,255,0
1788776355.6752036,2026-09-07T10:19:15.675203Z,8259,49,Navigation,65535,255,0
1788776356.675201,2026-09-07T10:19:16.675200Z,8259,49,Navigation,65535,255,0
1788776357.6752338,2026-09-07T10:19:17.675233Z,8259,49,Navigation,65535,255,0
1788776358.675263,2026-09-07T10:19:18.675262Z,8259,49,Navigation,65535,255,0
1788776359.675228,2026-09-07T10:19:19.675228Z,8259,49,Navigation,65535,255,0
1788776360.6752324,2026-09-07T10:19:20.675232Z,8259,49,Navigation,65535,255,0
1788776361.6753273,2026-09-07T10:19:21.675327Z,8259,49,Navigation,65535,255,0
1788776362.6752403,2026-09-07T10:19:22.675240Z,8259,49,Navigation,65535,255,0
1788776363.6752565,2026-09-07T10:19:23.675256Z,8259,49,Navigation,65535,255,0
1788776364.675216,2026-09-07T10:19:24.675215Z,8259,49,Navigation,65535,255,0
1788776365.6752205,2026-09-07T10:19:25.675220Z,8259,49,Navigation,65535,255,0
1788776366.67523,2026-09-07T10:19:26.675230Z,8259,49,Navigation,65535,255,0
1788776367.6752312,2026-09-07T10:19:27.675231Z,8259,49,Navigation,65535,255,0
1788776368.7251952,2026-09-07T10:19:28.725195Z,8259,49,Navigation,65535,255,0
1788776369.7251976,2026-09-07T10:19:29.725197Z,8259,49,Navigation,65535,255,0
1788776370.7252035,2026-09-07T10:19:30.725203Z,8259,49,Navigation,65535,255,0
1788776371.7252028,2026-09-07T10:19:31.725202Z,8259,49,Navigation,65535,255,0
1788776372.725208,2026-09-07T10:19:32.725208Z,8259,49,Navigation,65535,255,0
1788776373.7252176,2026-09-07T10:19:33.725217Z,8259,49,Navigation,65535,255,0
1788776374.725225,2026-09-07T10:19:34.725224Z,8259,49,Navigation,65535,255,0
1788776375.7252023,2026-09-07T10:19:35.725202Z,8259,49,Navigation,65535,255,0
1788776376.7252097,2026-09-07T10:19:36.725209Z,8259,49,Navigation,65535,255,0
1788776377.7252083,2026-09-07T10:19:37.725208Z,8259,49,Navigation,65535,255,0
1788776378.7752504,2026-09-07T10:19:38.775250Z,8259,49,Navigation,65535,255,0
1788776379.7751775,2026-09-07T10:19:39.775177Z,8259,49,Navigation,65535,255,0
1788776380.7752318,2026-09-07T10:19:40.775231Z,8259,49,Navigation,65535,255,0
1788776381.7752206,2026-09-07T10:19:41.775220Z,8259,49,Navigation,65535,255,0
1788776382.7752044,2026-09-07T10:19:42.775204Z,8259,49,Navigation,65535,255,0
1788776383.7752047,2026-09-07T10:19:43.775204Z,8259,49,Navigation,65535,255,0
1788776384.77518,2026-09-07T10:19:44.775180Z,8259,49,Navigation,65535,255,0
1788776385.7752104,2026-09-07T10:19:45.775210Z,8259,49,Navigation,65535,255,0
1788776386.775205,2026-09-07T10:19:46.775204Z,8259,49,Navigation,65535,255,0
1788776387.7752132,2026-09-07T10:19:47.775213Z,8259,49,Navigation,65535,255,0
1788776388.825194,2026-09-07T10:19:48.825193Z,8259,49,Navigation,65535,255,0
1788776389.825221,2026-09-07T10:19:49.825221Z,8259,49,Navigation,65535,255,0
1788776390.825195,2026-09-07T10:19:50.825195Z,8259,49,Navigation,65535,255,0
1788776391.8252149,2026-09-07T10:19:51.825214Z,8259,49,Navigation,65535,255,0
1788776392.8252168,2026-09-07T10:19:52.825216Z,8259,49,Navigation,65535,255,0
1788776393.8252182,2026-09-07T10:19:53.825218Z,8259,49,Navigation,65535,255,0
1788776394.8252237,2026-09-07T10:19:54.825223Z,8259,49,Navigation,65535,255,0
1788776396.5253334,2026-09-07T10:19:56.525333Z,8259,49,Navigation,65535,255,0
1788776397.5253503,2026-09-07T10:19:57.525350Z,8259,49,Navigation,65535,255,0
1788776398.525268,2026-09-07T10:19:58.525268Z,8259,49,Navigation,65535,255,0
1788776399.525229,2026-09-07T10:19:59.525228Z,8259,49,Navigation,65535,255,0
1788776400.525225,2026-09-07T10:20:00.525224Z,8259,49,Navigation,65535,255,0
1788776401.5252404,2026-09-07T10:20:01.525240Z,8259,49,Navigation,65535,255,0
1788776402.5252163,2026-09-07T10:20:02.525216Z,8259,49,Navigation,65535,255,0
1788776403.5252116,2026-09-07T10:20:03.525211Z,8259,49,Navigation,65535,255,0
1788776404.575187,2026-09-07T10:20:04.575186Z,8259,49,Navigation,65535,255,0
1788776405.5752232,2026-09-07T10:20:05.575223Z,8259,49,Navigation,65535,255,0
1788776406.5751972,2026-09-07T10:20:06.575197Z,8259,49,Navigation,65535,255,0
1788776407.5752094,2026-09-07T10:20:07.575209Z,8259,49,Navigation,65535,255,0
1788776408.5751967,2026-09-07T10:20:08.575196Z,8259,49,Navigation,65535,255,0
1788776409.5752144,2026-09-07T10:20:09.575214Z,8259,49,Navigation,65535,255,0
1788776410.575208,2026-09-07T10:20:10.575207Z,8259,49,Navigation,65535,255,0
1788776411.5752137,2026-09-07T10:20:11.575213Z,8259,49,Navigation,65535,255,0
1788776412.5752156,2026-09-07T10:20:12.575215Z,8259,49,Navigation,65535,255,0
1788776413.5752087,2026-09-07T10:20:13.575208Z,8259,49,Navigation,65535,255,0
1788776414.6251845,2026-09-07T10:20:14.625184Z,8259,49,Navigation,65535,255,0
1788776415.6251829,2026-09-07T10:20:15.625182Z,8259,49,Navigation,65535,255,0
1788776416.625268,2026-09-07T10:20:16.625267Z,8259,49,Navigation,65535,255,0
1788776417.6251993,2026-09-07T10:20:17.625199Z,8259,49,Navigation,65535,255,0
1788776418.6252744,2026-09-07T10:20:18.625274Z,8259,49,Navigation,65535,255,0
1788776419.6253088,2026-09-07T10:20:19.625308Z,8259,49,Navigation,65535,255,0
1788776420.625294,2026-09-07T10:20:20.625293Z,8259,49,Navigation,65535,255,0
1788776421.6252913,2026-09-07T10:20:21.625291Z,8259,49,Navigation,65535,255,0
1788776422.6252236,2026-09-07T10:20:22.625223Z,8259,49,Navigation,65535,255,0
1788776423.6251888,2026-09-07T10:20:23.625188Z,8259,49,Navigation,65535,255,0
1788776424.6752076,2026-09-07T10:20:24.675207Z,8259,49,Navigation,65535,255,0
1788776425.6751835,2026-09-07T10:20:25.675183Z,8259,49,Navigation,65535,255,0
1788776426.6752021,2026-09-07T10:20:26.675202Z,8259,49,Navigation,65535,255,0
1788776427.6752174,2026-09-07T10:20:27.675217Z,8259,49,Navigation,65535,255,0
1788776428.6751993,2026-09-07T10:20:28.675199Z,8259,49,Navigation,65535,255,0
1788776429.6752183,2026-09-07T10:20:29.675218Z,8259,49,Navigation,65535,255,0
1788776430.6752822,2026-09-07T10:20:30.675282Z,8259,49,Navigation,65535,255,0
1788776431.6752794,2026-09-07T10:20:31.675279Z,8259,49,Navigation,65535,255,0
1788776432.6752167,2026-09-07T10:20:32.675216Z,8259,49,Navigation,65535,255,0
1788776433.6752076,2026-09-07T10:20:33.675207Z,8259,49,Navigation,65535,255,0
1788776434.6752286,2026-09-07T10:20:34.675228Z,8259,49,Navigation,65535,255,0
1788776435.6752262,2026-09-07T10:20:35.675226Z,8259,49,Navigation,65535,255,0
1788776436.7251987,2026-09-07T10:20:36.725198Z,8259,49,Navigation,65535,255,0
1788776437.725198,2026-09-07T10:20:37.725198Z,8259,49,Navigation,65535,255,0
1788776438.7251997,2026-09-07T10:20:38.725199Z,8259,49,Navigation,65535,255,0
1788776439.7251976,2026-09-07T10:20:39.725197Z,8259,49,Navigation,65535,255,0
1788776440.7252,2026-09-07T10:20:40.725199Z,8259,49,Navigation,65535,255,0
1788776441.7252016,2026-09-07T10:20:41.725201Z,8259,49,Navigation,65535,255,0
1788776442.7252223,2026-09-07T10:20:42.725222Z,8259,49,Navigation,65535,255,0
1788776443.725208,2026-09-07T10:20:43.725208Z,8259,49,Navigation,65535,255,0
1788776444.7252285,2026-09-07T10:20:44.725228Z,8259,49,Navigation,65535,255,0
1788776445.7252336,2026-09-07T10:20:45.725233Z,8259,49,Navigation,65535,255,0
1788776446.72521,2026-09-07T10:20:46.725209Z,8259,49,Navigation,65535,255,0
1788776447.7252333,2026-09-07T10:20:47.725233Z,8259,49,Navigation,65535,255,0
1788776448.7751935,2026-09-07T10:20:48.775193Z,8259,49,Navigation,65535,255,0
1788776449.7752135,2026-09-07T10:20:49.775213Z,8259,49,Navigation,65535,255,0
1788776450.7753305,2026-09-07T10:20:50.775330Z,8259,49,Navigation,65535,255,0
1788776451.7752166,2026-09-07T10:20:51.775216Z,8259,49,Navigation,65535,255,0
1788776452.7751973,2026-09-07T10:20:52.775197Z,8259,49,Navigation,65535,255,0
1788776453.7752073,2026-09-07T10:20:53.775207Z,8259,49,Navigation,65535,255,0
1788776454.7751858,2026-09-07T10:20:54.775185Z,8259,49,Navigation,65535,255,0
1788776455.7751849,2026-09-07T10:20:55.775184Z,8259,49,Navigation,65535,255,0
1788776456.775241,2026-09-07T10:20:56.775240Z,8259,49,Navigation,65535,255,0
1788776457.7752137,2026-09-07T10:20:57.775213Z,8259,49,Navigation,65535,255,0
1788776458.8252938,2026-09-07T10:20:58.825293Z,8259,49,Navigation,65535,255,0
1788776459.8252785,2026-09-07T10:20:59.825278Z,8259,49,Navigation,65535,255,0
1788776460.825209,2026-09-07T10:21:00.825208Z,8259,49,Navigation,65535,255,0
1788776461.8252208,2026-09-07T10:21:01.825220Z,8259,49,Navigation,65535,255,0
1788776462.825238,2026-09-07T10:21:02.825237Z,8259,49,Navigation,65535,255,0
1788776463.8252876,2026-09-07T10:21:03.825287Z,8259,49,Navigation,65535,255,0
1788776464.825203,2026-09-07T10:21:04.825202Z,8259,49,Navigation,65535,255,0
1788776465.82521,2026-09-07T10:21:05.825210Z,8259,49,Navigation,65535,255,0
1788776466.8252125,2026-09-07T10:21:06.825212Z,8259,49,Navigation,65535,255,0
1788776467.8251767,2026-09-07T10:21:07.825176Z,8259,49,Navigation,65535,255,0
1788776468.8252137,2026-09-07T10:21:08.825213Z,8259,49,Navigation,65535,255,0
1788776469.8751922,2026-09-07T10:21:09.875192Z,8259,49,Navigation,65535,255,0
1788776470.875197,2026-09-07T10:21:10.875196Z,8259,49,Navigation,65535,255,0
1788776471.87521,2026-09-07T10:21:11.875210Z,8259,49,Navigation,65535,255,0
1788776472.8751838,2026-09-07T10:21:12.875183Z,8259,49,Navigation,65535,255,0
1788776473.8752267,2026-09-07T10:21:13.875226Z,8259,49,Navigation,65535,255,0
1788776474.8752198,2026-09-07T10:21:14.875219Z,8259,49,Navigation,65535,255,0
1788776475.8752563,2026-09-07T10:21:15.875256Z,8259,49,Navigation,65535,255,0
1788776476.8752275,2026-09-07T10:21:16.875227Z,8259,49,Navigation,65535,255,0
1788776477.8752027,2026-09-07T10:21:17.875202Z,8259,49,Navigation,65535,255,0
1788776478.875215,2026-09-07T10:21:18.875215Z,8259,49,Navigation,65535,255,0
1788776479.8752034,2026-09-07T10:21:19.875203Z,8259,49,Navigation,65535,255,0
1788776480.9252062,2026-09-07T10:21:20.925206Z,8259,49,Navigation,65535,255,0
1788776481.9254165,2026-09-07T10:21:21.925416Z,8259,49,Navigation,65535,255,0
1788776482.9252288,2026-09-07T10:21:22.925228Z,8259,49,Navigation,65535,255,0
1788776483.9252617,2026-09-07T10:21:23.925261Z,8259,49,Navigation,65535,255,0
1788776484.9252508,2026-09-07T10:21:24.925250Z,8259,49,Navigation,65535,255,0
1788776485.9252386,2026-09-07T10:21:25.925238Z,8259,49,Navigation,65535,255,0
1788776486.9252036,2026-09-07T10:21:26.925203Z,8259,49,Navigation,65535,255,0
1788776487.925235,2026-09-07T10:21:27.925235Z,8259,49,Navigation,65535,255,0
1788776488.925239,2026-09-07T10:21:28.925239Z,8259,49,Navigation,65535,255,0
1788776489.9252267,2026-09-07T10:21:29.925226Z,8259,49,Navigation,65535,255,0
1788776490.9752007,2026-09-07T10:21:30.975200Z,8259,49,Navigation,65535,255,0
1788776491.9752116,2026-09-07T10:21:31.975211Z,8259,49,Navigation,65535,255,0
1788776492.9752154,2026-09-07T10:21:32.975215Z,8259,49,Navigation,65535,255,0
1788776493.9752107,2026-09-07T10:21:33.975210Z,8259,49,Navigation,65535,255,0
1788776494.975213,2026-09-07T10:21:34.975213Z,8259,49,Navigation,65535,255,0
1788776495.9752002,2026-09-07T10:21:35.975200Z,8259,49,Navigation,65535,255,0
1788776496.975205,2026-09-07T10:21:36.975204Z,8259,49,Navigation,65535,255,0
1788776497.9752064,2026-09-07T10:21:37.975206Z,8259,49,Navigation,65535,255,0
1788776498.9752035,2026-09-07T10:21:38.975203Z,8259,49,Navigation,65535,255,0
1788776499.9752066,2026-09-07T10:21:39.975206Z,8259,49,Navigation,65535,255,0
1788776501.0251744,2026-09-07T10:21:41.025174Z,8259,49,Navigation,65535,255,0
1788776502.025218,2026-09-07T10:21:42.025218Z,8259,49,Navigation,65535,255,0
1788776503.0252066,2026-09-07T10:21:43.025206Z,8259,49,Navigation,65535,255,0
1788776504.0252106,2026-09-07T10:21:44.025210Z,8259,49,Navigation,65535,255,0
1788776505.0252135,2026-09-07T10:21:45.025213Z,8259,49,Navigation,65535,255,0
1788776506.025205,2026-09-07T10:21:46.025204Z,8259,49,Navigation,65535,255,0
1788776507.0252063,2026-09-07T10:21:47.025206Z,8259,49,Navigation,65535,255,0
1788776508.0251832,2026-09-07T10:21:48.025183Z,8259,49,Navigation,65535,255,0
1788776509.0252092,2026-09-07T10:21:49.025209Z,8259,49,Navigation,65535,255,0
1788776510.025208,2026-09-07T10:21:50.025207Z,8259,49,Navigation,65535,255,0
1788776511.0252144,2026-09-07T10:21:51.025214Z,8259,49,Navigation,65535,255,0
1788776512.0752294,2026-09-07T10:21:52.075229Z,8259,49,Navigation,65535,255,0
1788776513.0754306,2026-09-07T10:21:53.075430Z,8259,49,Navigation,65535,255,0
1788776514.0752213,2026-09-07T10:21:54.075221Z,8259,49,Navigation,65535,255,0
1788776515.0752394,2026-09-07T10:21:55.075239Z,8259,49,Navigation,65535,255,0
1788776516.0752468,2026-09-07T10:21:56.075246Z,8259,49,Navigation,65535,255,0
1788776517.0752213,2026-09-07T10:21:57.075221Z,8259,49,Navigation,65535,255,0
1788776518.075238,2026-09-07T10:21:58.075237Z,8259,49,Navigation,65535,255,0
1788776519.075236,2026-09-07T10:21:59.075236Z,8259,49,Navigation,65535,255,0
1788776520.0752137,2026-09-07T10:22:00.075213Z,8259,49,Navigation,65535,255,0
1788776521.0752044,2026-09-07T10:22:01.075204Z,8259,49,Navigation,65535,255,0
1788776522.0751915,2026-09-07T10:22:02.075191Z,8259,49,Navigation,65535,255,0
1788776523.0752285,2026-09-07T10:22:03.075228Z,8259,49,Navigation,65535,255,0
1788776524.1251905,2026-09-07T10:22:04.125190Z,8259,49,Navigation,65535,255,0
1788776525.1252823,2026-09-07T10:22:05.125282Z,8259,49,Navigation,65535,255,0
1788776526.125245,2026-09-07T10:22:06.125245Z,8259,49,Navigation,65535,255,0
1788776527.1252375,2026-09-07T10:22:07.125237Z,8259,49,Navigation,65535,255,0
1788776528.1252398,2026-09-07T10:22:08.125239Z,8259,49,Navigation,65535,255,0
1788776529.1252391,2026-09-07T10:22:09.125239Z,8259,49,Navigation,65535,255,0
1788776530.1252296,2026-09-07T10:22:10.125229Z,8259,49,Navigation,65535,255,0
1788776531.1252232,2026-09-07T10:22:11.125223Z,8259,49,Navigation,65535,255,0
1788776532.1252332,2026-09-07T10:22:12.125233Z,8259,49,Navigation,65535,255,0
1788776533.125216,2026-09-07T10:22:13.125216Z,8259,49,Navigation,65535,255,0
1788776534.125195,2026-09-07T10:22:14.125195Z,8259,49,Navigation,65535,255,0
1788776535.175211,2026-09-07T10:22:15.175210Z,8259,49,Navigation,65535,255,0
1788776536.175249,2026-09-07T10:22:16.175249Z,8259,49,Navigation,65535,255,0
1788776537.1751745,2026-09-07T10:22:17.175174Z,8259,49,Navigation,65535,255,0
1788776538.1752107,2026-09-07T10:22:18.175210Z,8259,49,Navigation,65535,255,0
1788776539.525228,2026-09-07T10:22:19.525228Z,8259,49,Navigation,65535,255,0
1788776540.5252368,2026-09-07T10:22:20.525236Z,8259,49,Navigation,65535,255,0
1788776541.525215,2026-09-07T10:22:21.525214Z,8259,49,Navigation,65535,255,0
1788776542.5252202,2026-09-07T10:22:22.525220Z,8259,49,Navigation,65535,255,0
1788776543.525235,2026-09-07T10:22:23.525234Z,8259,49,Navigation,65535,255,0
1788776544.5255089,2026-09-07T10:22:24.525508Z,8259,49,Navigation,65535,255,0
1788776545.5252135,2026-09-07T10:22:25.525213Z,8259,49,Navigation,65535,255,0
1788776546.5252368,2026-09-07T10:22:26.525236Z,8259,49,Navigation,65535,255,0
1788776547.5252125,2026-09-07T10:22:27.525212Z,8259,49,Navigation,65535,255,0
1788776549.3252366,2026-09-07T10:22:29.325236Z,8259,49,Navigation,65535,255,0
1788776550.3252113,2026-09-07T10:22:30.325211Z,8259,49,Navigation,65535,255,0
1788776551.3252668,2026-09-07T10:22:31.325266Z,8259,49,Navigation,65535,255,0
1788776552.3752625,2026-09-07T10:22:32.375262Z,8259,49,Navigation,65535,255,0
1788776553.7752247,2026-09-07T10:22:33.775224Z,8259,49,Navigation,65535,255,0
1788776554.7752364,2026-09-07T10:22:34.775236Z,8259,49,Navigation,65535,255,0
1788776555.7752163,2026-09-07T10:22:35.775216Z,8259,49,Navigation,65535,255,0
1788776556.7752407,2026-09-07T10:22:36.775240Z,8259,49,Navigation,65535,255,0
1788776557.775264,2026-09-07T10:22:37.775264Z,8259,49,Navigation,65535,255,0
1788776558.775243,2026-09-07T10:22:38.775243Z,8259,49,Navigation,65535,255,0
1788776559.7752254,2026-09-07T10:22:39.775225Z,8259,49,Navigation,65535,255,0
1788776560.775232,2026-09-07T10:22:40.775232Z,8259,49,Navigation,65535,255,0
1788776561.775226,2026-09-07T10:22:41.775226Z,8259,49,Navigation,65535,255,0
1788776562.8251772,2026-09-07T10:22:42.825177Z,8259,49,Navigation,65535,255,0
1788776563.8252153,2026-09-07T10:22:43.825215Z,8259,49,Navigation,65535,255,0
1788776564.825199,2026-09-07T10:22:44.825198Z,8259,49,Navigation,65535,255,0
1788776565.825185,2026-09-07T10:22:45.825185Z,8259,49,Navigation,65535,255,0
1788776566.825186,2026-09-07T10:22:46.825186Z,8259,49,Navigation,65535,255,0
1788776567.8252113,2026-09-07T10:22:47.825211Z,8259,49,Navigation,65535,255,0
1788776568.8252053,2026-09-07T10:22:48.825205Z,8259,49,Navigation,65535,255,0
1788776569.8252175,2026-09-07T10:22:49.825217Z,8259,49,Navigation,65535,255,0
1788776570.825213,2026-09-07T10:22:50.825212Z,8259,49,Navigation,65535,255,0
1788776571.8252141,2026-09-07T10:22:51.825214Z,8259,49,Navigation,65535,255,0
1788776572.8751934,2026-09-07T10:22:52.875193Z,8259,49,Navigation,65535,255,0
1788776573.8752053,2026-09-07T10:22:53.875205Z,8259,49,Navigation,65535,255,0
1788776574.875229,2026-09-07T10:22:54.875228Z,8259,49,Navigation,65535,255,0
1788776575.8752215,2026-09-07T10:22:55.875221Z,8259,49,Navigation,65535,255,0
1788776576.8752189,2026-09-07T10:22:56.875218Z,8259,49,Navigation,65535,255,0
1788776577.875182,2026-09-07T10:22:57.875181Z,8259,49,Navigation,65535,255,0
1788776578.8752651,2026-09-07T10:22:58.875265Z,8259,49,Navigation,65535,255,0
1788776579.875227,2026-09-07T10:22:59.875226Z,8259,49,Navigation,65535,255,0
1788776580.8751903,2026-09-07T10:23:00.875190Z,8259,49,Navigation,65535,255,0
1788776581.8752532,2026-09-07T10:23:01.875253Z,8259,49,Navigation,65535,255,0
1788776582.8752062,2026-09-07T10:23:02.875206Z,8259,49,Navigation,65535,255,0
1788776583.875225,2026-09-07T10:23:03.875225Z,8259,49,Navigation,65535,255,0
1788776584.9251854,2026-09-07T10:23:04.925185Z,8259,49,Navigation,65535,255,0
1788776585.9252188,2026-09-07T10:23:05.925218Z,8259,49,Navigation,65535,255,0
1788776586.9252324,2026-09-07T10:23:06.925232Z,8259,49,Navigation,65535,255,0
1788776587.9252586,2026-09-07T10:23:07.925258Z,8259,49,Navigation,65535,255,0
1788776588.9252367,2026-09-07T10:23:08.925236Z,8259,49,Navigation,65535,255,0
1788776589.9252975,2026-09-07T10:23:09.925297Z,8259,49,Navigation,65535,255,0
1788776590.9252107,2026-09-07T10:23:10.925210Z,8259,49,Navigation,65535,255,0
1788776591.9253156,2026-09-07T10:23:11.925315Z,8259,49,Navigation,65535,255,0
1788776592.9251842,2026-09-07T10:23:12.925184Z,8259,49,Navigation,65535,255,0
1788776593.9252124,2026-09-07T10:23:13.925212Z,8259,49,Navigation,65535,255,0
1788776594.9751933,2026-09-07T10:23:14.975193Z,8259,49,Navigation,65535,255,0
1788776595.9752064,2026-09-07T10:23:15.975206Z,8259,49,Navigation,65535,255,0
1788776596.9752154,2026-09-07T10:23:16.975215Z,8259,49,Navigation,65535,255,0
1788776597.9752047,2026-09-07T10:23:17.975204Z,8259,49,Navigation,65535,255,0
1788776598.9752116,2026-09-07T10:23:18.975211Z,8259,49,Navigation,65535,255,0
1788776599.9752128,2026-09-07T10:23:19.975212Z,8259,49,Navigation,65535,255,0
1788776600.9752152,2026-09-07T10:23:20.975215Z,8259,49,Navigation,65535,255,0
1788776601.975211,2026-09-07T10:23:21.975210Z,8259,49,Navigation,65535,255,0
1788776602.9752085,2026-09-07T10:23:22.975208Z,8259,49,Navigation,65535,255,0
1788776604.025199,2026-09-07T10:23:24.025198Z,8259,49,Navigation,65535,255,0
1788776605.0251896,2026-09-07T10:23:25.025189Z,8259,49,Navigation,65535,255,0
1788776606.0252004,2026-09-07T10:23:26.025200Z,8259,49,Navigation,65535,255,0
1788776607.0252154,2026-09-07T10:23:27.025215Z,8259,49,Navigation,65535,255,0
1788776608.0251908,2026-09-07T10:23:28.025190Z,8259,49,Navigation,65535,255,0
1788776609.0252092,2026-09-07T10:23:29.025209Z,8259,49,Navigation,65535,255,0
1788776610.025199,2026-09-07T10:23:30.025198Z,8259,49,Navigation,65535,255,0
1788776612.025175,2026-09-07T10:23:32.025175Z,8259,49,Navigation,65535,255,0
1788776613.0251758,2026-09-07T10:23:33.025175Z,8259,49,Navigation,65535,255,0
1788776614.0252247,2026-09-07T10:23:34.025224Z,8259,49,Navigation,65535,255,0
1788776615.02529,2026-09-07T10:23:35.025290Z,8259,49,Navigation,65535,255,0
1788776616.0252137,2026-09-07T10:23:36.025213Z,8259,49,Navigation,65535,255,0
1788776617.025297,2026-09-07T10:23:37.025296Z,8259,49,Navigation,65535,255,0
1788776618.0252976,2026-09-07T10:23:38.025297Z,8259,49,Navigation,65535,255,0
1788776619.0251942,2026-09-07T10:23:39.025194Z,8259,49,Navigation,65535,255,0
1788776620.075195,2026-09-07T10:23:40.075195Z,8259,49,Navigation,65535,255,0
1788776621.0752008,2026-09-07T10:23:41.075200Z,8259,49,Navigation,65535,255,0
1788776622.0752206,2026-09-07T10:23:42.075220Z,8259,49,Navigation,65535,255,0
1788776623.07522,2026-09-07T10:23:43.075220Z,8259,49,Navigation,65535,255,0
1788776624.225197,2026-09-07T10:23:44.225197Z,8259,49,Navigation,65535,255,0
1788776625.2251632,2026-09-07T10:23:45.225163Z,8259,49,Navigation,65535,255,0
1788776626.2251635,2026-09-07T10:23:46.225163Z,8259,49,Navigation,65535,255,0
1788776627.2251964,2026-09-07T10:23:47.225196Z,8259,49,Navigation,65535,255,0
1788776628.225197,2026-09-07T10:23:48.225197Z,8259,49,Navigation,65535,255,0
1788776629.2252002,2026-09-07T10:23:49.225200Z,8259,49,Navigation,65535,255,0
1788776630.2251751,2026-09-07T10:23:50.225175Z,8259,49,Navigation,65535,255,0
1788776631.2251763,2026-09-07T10:23:51.225176Z,8259,49,Navigation,65535,255,0
1788776632.2252064,2026-09-07T10:23:52.225206Z,8259,49,Navigation,65535,255,0
1788776633.2251992,2026-09-07T10:23:53.225199Z,8259,49,Navigation,65535,255,0
1788776634.225183,2026-09-07T10:23:54.225183Z,8259,49,Navigation,65535,255,0
1788776635.2252157,2026-09-07T10:23:55.225215Z,8259,49,Navigation,65535,255,0
1788776636.2252042,2026-09-07T10:23:56.225204Z,8259,49,Navigation,65535,255,0
1788776637.2252114,2026-09-07T10:23:57.225211Z,8259,49,Navigation,65535,255,0
1788776638.2752252,2026-09-07T10:23:58.275225Z,8259,49,Navigation,65535,255,0
1788776639.275262,2026-09-07T10:23:59.275262Z,8259,49,Navigation,65535,255,0
1788776640.2752025,2026-09-07T10:24:00.275202Z,8259,49,Navigation,65535,255,0
1788776641.2752135,2026-09-07T10:24:01.275213Z,8259,49,Navigation,65535,255,0
1788776642.275263,2026-09-07T10:24:02.275263Z,8259,49,Navigation,65535,255,0
1788776643.2752118,2026-09-07T10:24:03.275211Z,8259,49,Navigation,65535,255,0
1788776644.2752063,2026-09-07T10:24:04.275206Z,8259,49,Navigation,65535,255,0
1788776645.2752132,2026-09-07T10:24:05.275213Z,8259,49,Navigation,65535,255,0
1788776646.2752059,2026-09-07T10:24:06.275205Z,8259,49,Navigation,65535,255,0
1788776647.275211,2026-09-07T10:24:07.275211Z,8259,49,Navigation,65535,255,0
1788776648.2752635,2026-09-07T10:24:08.275263Z,8259,49,Navigation,65535,255,0
1788776649.2752278,2026-09-07T10:24:09.275227Z,8259,49,Navigation,65535,255,0
1788776650.9251952,2026-09-07T10:24:10.925195Z,8259,49,Navigation,65535,255,0
1788776651.9252155,2026-09-07T10:24:11.925215Z,8259,49,Navigation,65535,255,0
1788776652.92521,2026-09-07T10:24:12.925209Z,8259,49,Navigation,65535,255,0
1788776653.9252121,2026-09-07T10:24:13.925212Z,8259,49,Navigation,65535,255,0
1788776654.9751773,2026-09-07T10:24:14.975177Z,8259,49,Navigation,65535,255,0
1788776655.9752061,2026-09-07T10:24:15.975206Z,8259,49,Navigation,65535,255,0
1788776656.975207,2026-09-07T10:24:16.975207Z,8259,49,Navigation,65535,255,0
1788776657.9751754,2026-09-07T10:24:17.975175Z,8259,49,Navigation,65535,255,0
1788776658.9752076,2026-09-07T10:24:18.975207Z,8259,49,Navigation,65535,255,0
1788776659.975196,2026-09-07T10:24:19.975195Z,8259,49,Navigation,65535,255,0
1788776660.9752102,2026-09-07T10:24:20.975210Z,8259,49,Navigation,65535,255,0
1788776661.9751985,2026-09-07T10:24:21.975198Z,8259,49,Navigation,65535,255,0
1788776662.9752052,2026-09-07T10:24:22.975205Z,8259,49,Navigation,65535,255,0
1788776663.9751794,2026-09-07T10:24:23.975179Z,8259,49,Navigation,65535,255,0
1788776665.0252383,2026-09-07T10:24:25.025238Z,8259,49,Navigation,65535,255,0
1788776666.0251577,2026-09-07T10:24:26.025157Z,8259,49,Navigation,65535,255,0
1788776667.0252576,2026-09-07T10:24:27.025257Z,8259,49,Navigation,65535,255,0
1788776669.025187,2026-09-07T10:24:29.025187Z,8259,49,Navigation,65535,255,0
1788776670.4752192,2026-09-07T10:24:30.475219Z,8259,49,Navigation,65535,255,0
1788776672.0251873,2026-09-07T10:24:32.025187Z,8259,49,Navigation,65535,255,0
1788776673.025185,2026-09-07T10:24:33.025185Z,8259,49,Navigation,65535,255,0
1788776674.0251844,2026-09-07T10:24:34.025184Z,8259,49,Navigation,65535,255,0
1788776675.0253017,2026-09-07T10:24:35.025301Z,8259,49,Navigation,65535,255,0
1788776676.0752244,2026-09-07T10:24:36.075224Z,8259,49,Navigation,65535,255,0
1788776677.0752366,2026-09-07T10:24:37.075236Z,8259,49,Navigation,65535,255,0
1788776678.0752444,2026-09-07T10:24:38.075244Z,8259,49,Navigation,65535,255,0
1788776679.0752325,2026-09-07T10:24:39.075232Z,8259,49,Navigation,65535,255,0
1788776680.9252193,2026-09-07T10:24:40.925219Z,8259,49,Navigation,65535,255,0
1788776681.9252133,2026-09-07T10:24:41.925213Z,8259,49,Navigation,65535,255,0
1788776683.2751782,2026-09-07T10:24:43.275178Z,8259,49,Navigation,65535,255,0
1788776684.2752645,2026-09-07T10:24:44.275264Z,8259,49,Navigation,65535,255,0
