timestamp,utc,src,src_ent,src_ent_label,dst,dst_ent,op,list
1788775914.011,2026-09-07T10:11:54.010999Z,16641,1,Motor Controller,8259,255,1,
1788775915.9915278,2026-09-07T10:11:55.991527Z,8259,0,Daemon,65535,255,0,Daemon=0;Motor Controller=1;Motor=2;Motor Controller (Bridge)=3;Motor Controller (MCU)=4;Servo Controller=5;Servo Controller - Servo 0=6;Servo Controller - Servo 1=7;Servo Controller - Servo 2=8;Servo Controller - Servo 3=9;Text Message Parser=10;Allocator=11;Attitude=12;Roll Parcel=13;Pitch Parcel=14;Depth Parcel=15;Heading Parcel=16;Heading Rate Parcel=17;Diving=18;Remote Control=19;Speed Control=20;Path Control=21;Path Control - Bottom Track=22;Compass Calibration Maneuver=23;Endurance Test Maneuver=24;Follow Reference Maneuver=25;Multiplexer Maneuver=26;Idle Maneuver=27;Goto Maneuver=28;Launch Maneuver=29;Loiter Maneuver=30;Station Keeping Maneuver=31;YoYo Maneuver=32;Rows Maneuver=33;Follow Path Maneuver=34;Elevator Maneuver=35;Pop Up Maneuver=36;Dislodge Maneuver=37;Alignment Maneuver=38;Magnetometer Maneuver=39;Teleoperation Maneuver=40;Collisions=41;Entity Monitor=42;Health Monitor=43;Medium=44;Navigation Monitor=45;Operational Limits=46;Servo Monitor=47;Tachograph=48;Navigation=49;LBL Ranger=50;Plan Engine=51;Plan Generator=52;Power Supply=53;Battery Pack 0=54;Battery Pack 1=55;Battery Pack 2=56;Battery Pack 3=57;Battery Pack 4=58;Battery Pack 5=59;Battery Pack 6=60;Battery Pack 7=61;Batteries=62;Power Supply (Payload)=63;Power Supply (+12VDC)=64;Power Supply (+5VDC)=65;Power Supply (Tail)=66;Medium Sensor=67;Leak Sensor=68;Sidescan=69;CTD=70;GPS=71;GPS - Constellation GPS=72;GPS - Constellation GLONASS=73;GPS - Constellation BEIDOU=74;GPS - Constellation GALILEO=75;Multibeam=76;Echo Sounder=77;AHRS=78;DVL=79;DVL - Beam 0=80;DVL - Beam 1=81;DVL - Beam 2=82;DVL - Beam 3=83;DVL Filtered=84;IO Bridge=85;Clock=86;Synthetic Clock=87;GPIO Supervisor=88;Power Supervisor=89;Recovery Supervisor=90;Report Supervisor=91;Safety Supervisor=92;Storage Supervisor=93;Zerotier Service=94;Vehicle Supervisor=95;Service Announcer=96;Cache=97;Service Discovery=98;Acoustic Modem=99;GSM=100;HTTP Server=101;Iridium Modem=102;Log Book=103;Logger=104;Mobile Internet=105;TCP Server (Settings)=106;Acoustic Access Controller=107;UDP=108;LEDs=109
1788775920.255,2026-09-07T10:12:00.255000Z,18469,1,Motor Controller,8259,255,1,
1788775920.094394,2026-09-07T10:12:00.094393Z,8259,0,Daemon,65535,255,0,Daemon=0;Motor Controller=1;Motor=2;Motor Controller (Bridge)=3;Motor Controller (MCU)=4;Servo Controller=5;Servo Controller - Servo 0=6;Servo Controller - Servo 1=7;Servo Controller - Servo 2=8;Servo Controller - Servo 3=9;Text Message Parser=10;Allocator=11;Attitude=12;Roll Parcel=13;Pitch Parcel=14;Depth Parcel=15;Heading Parcel=16;Heading Rate Parcel=17;Diving=18;Remote Control=19;Speed Control=20;Path Control=21;Path Control - Bottom Track=22;Compass Calibration Maneuver=23;Endurance Test Maneuver=24;Follow Reference Maneuver=25;Multiplexer Maneuver=26;Idle Maneuver=27;Goto Maneuver=28;Launch Maneuver=29;Loiter Maneuver=30;Station Keeping Maneuver=31;YoYo Maneuver=32;Rows Maneuver=33;Follow Path Maneuver=34;Elevator Maneuver=35;Pop Up Maneuver=36;Dislodge Maneuver=37;Alignment Maneuver=38;Magnetometer Maneuver=39;Teleoperation Maneuver=40;Collisions=41;Entity Monitor=42;Health Monitor=43;Medium=44;Navigation Monitor=45;Operational Limits=46;Servo Monitor=47;Tachograph=48;Navigation=49;LBL Ranger=50;Plan Engine=51;Plan Generator=52;Power Supply=53;Battery Pack 0=54;Battery Pack 1=55;Battery Pack 2=56;Battery Pack 3=57;Battery Pack 4=58;Battery Pack 5=59;Battery Pack 6=60;Battery Pack 7=61;Batteries=62;Power Supply (Payload)=63;Power Supply (+12VDC)=64;Power Supply (+5VDC)=65;Power Supply (Tail)=66;Medium Sensor=67;Leak Sensor=68;Sidescan=69;CTD=70;GPS=71;GPS - Constellation GPS=72;GPS - Constellation GLONASS=73;GPS - Constellation BEIDOU=74;GPS - Constellation GALILEO=75;Multibeam=76;Echo Sounder=77;AHRS=78;DVL=79;DVL - Beam 0=80;DVL - Beam 1=81;DVL - Beam 2=82;DVL - Beam 3=83;DVL Filtered=84;IO Bridge=85;Clock=86;Synthetic Clock=87;GPIO Supervisor=88;Power Supervisor=89;Recovery Supervisor=90;Report Supervisor=91;Safety Supervisor=92;Storage Supervisor=93;Zerotier Service=94;Vehicle Supervisor=95;Service Announcer=96;Cache=97;Service Discovery=98;Acoustic Modem=99;GSM=100;HTTP Server=101;Iridium Modem=102;Log Book=103;Logger=104;Mobile Internet=105;TCP Server (Settings)=106;Acoustic Access Controller=107;UDP=108;LEDs=109
1788775933.367,2026-09-07T10:12:13.367000Z,0,0,Daemon,65535,255,1,
1788775934.367315,2026-09-07T10:12:14.367315Z,8259,0,Daemon,65535,255,0,Daemon=0;Motor Controller=1;Motor=2;Motor Controller (Bridge)=3;Motor Controller (MCU)=4;Servo Controller=5;Servo Controller - Servo 0=6;Servo Controller - Servo 1=7;Servo Controller - Servo 2=8;Servo Controller - Servo 3=9;Text Message Parser=10;Allocator=11;Attitude=12;Roll Parcel=13;Pitch Parcel=14;Depth Parcel=15;Heading Parcel=16;Heading Rate Parcel=17;Diving=18;Remote Control=19;Speed Control=20;Path Control=21;Path Control - Bottom Track=22;Compass Calibration Maneuver=23;Endurance Test Maneuver=24;Follow Reference Maneuver=25;Multiplexer Maneuver=26;Idle Maneuver=27;Goto Maneuver=28;Launch Maneuver=29;Loiter Maneuver=30;Station Keeping Maneuver=31;YoYo Maneuver=32;Rows Maneuver=33;Follow Path Maneuver=34;Elevator Maneuver=35;Pop Up Maneuver=36;Dislodge Maneuver=37;Alignment Maneuver=38;Magnetometer Maneuver=39;Teleoperation Maneuver=40;Collisions=41;Entity Monitor=42;Health Monitor=43;Medium=44;Navigation Monitor=45;Operational Limits=46;Servo Monitor=47;Tachograph=48;Navigation=49;LBL Ranger=50;Plan Engine=51;Plan Generator=52;Power Supply=53;Battery Pack 0=54;Battery Pack 1=55;Battery Pack 2=56;Battery Pack 3=57;Battery Pack 4=58;Battery Pack 5=59;Battery Pack 6=60;Battery Pack 7=61;Batteries=62;Power Supply (Payload)=63;Power Supply (+12VDC)=64;Power Supply (+5VDC)=65;Power Supply (Tail)=66;Medium Sensor=67;Leak Sensor=68;Sidescan=69;CTD=70;GPS=71;GPS - Constellation GPS=72;GPS - Constellation GLONASS=73;GPS - Constellation BEIDOU=74;GPS - Constellation GALILEO=75;Multibeam=76;Echo Sounder=77;AHRS=78;DVL=79;DVL - Beam 0=80;DVL - Beam 1=81;DVL - Beam 2=82;DVL - Beam 3=83;DVL Filtered=84;IO Bridge=85;Clock=86;Synthetic Clock=87;GPIO Supervisor=88;Power Supervisor=89;Recovery Supervisor=90;Report Supervisor=91;Safety Supervisor=92;Storage Supervisor=93;Zerotier Service=94;Vehicle Supervisor=95;Service Announcer=96;Cache=97;Service Discovery=98;Acoustic Modem=99;GSM=100;HTTP Server=101;Iridium Modem=102;Log Book=103;Logger=104;Mobile Internet=105;TCP Server (Settings)=106;Acoustic Access Controller=107;UDP=108;LEDs=109
1788775934.564,2026-09-07T10:12:14.563999Z,0,0,Daemon,65535,255,1,
1788775934.4030232,2026-09-07T10:12:14.403023Z,8259,0,Daemon,65535,255,0,Daemon=0;Motor Controller=1;Motor=2;Motor Controller (Bridge)=3;Motor Controller (MCU)=4;Servo Controller=5;Servo Controller - Servo 0=6;Servo Controller - Servo 1=7;Servo Controller - Servo 2=8;Servo Controller - Servo 3=9;Text Message Parser=10;Allocator=11;Attitude=12;Roll Parcel=13;Pitch Parcel=14;Depth Parcel=15;Heading Parcel=16;Heading Rate Parcel=17;Diving=18;Remote Control=19;Speed Control=20;Path Control=21;Path Control - Bottom Track=22;Compass Calibration Maneuver=23;Endurance Test Maneuver=24;Follow Reference Maneuver=25;Multiplexer Maneuver=26;Idle Maneuver=27;Goto Maneuver=28;Launch Maneuver=29;Loiter Maneuver=30;Station Keeping Maneuver=31;YoYo Maneuver=32;Rows Maneuver=33;Follow Path Maneuver=34;Elevator Maneuver=35;Pop Up Maneuver=36;Dislodge Maneuver=37;Alignment Maneuver=38;Magnetometer Maneuver=39;Teleoperation Maneuver=40;Collisions=41;Entity Monitor=42;Health Monitor=43;Medium=44;Navigation Monitor=45;Operational Limits=46;Servo Monitor=47;Tachograph=48;Navigation=49;LBL Ranger=50;Plan Engine=51;Plan Generator=52;Power Supply=53;Battery Pack 0=54;Battery Pack 1=55;Battery Pack 2=56;Battery Pack 3=57;Battery Pack 4=58;Battery Pack 5=59;Battery Pack 6=60;Battery Pack 7=61;Batteries=62;Power Supply (Payload)=63;Power Supply (+12VDC)=64;Power Supply (+5VDC)=65;Power Supply (Tail)=66;Medium Sensor=67;Leak Sensor=68;Sidescan=69;CTD=70;GPS=71;GPS - Constellation GPS=72;GPS - Constellation GLONASS=73;GPS - Constellation BEIDOU=74;GPS - Constellation GALILEO=75;Multibeam=76;Echo Sounder=77;AHRS=78;DVL=79;DVL - Beam 0=80;DVL - Beam 1=81;DVL - Beam 2=82;DVL - Beam 3=83;DVL Filtered=84;IO Bridge=85;Clock=86;Synthetic Clock=87;GPIO Supervisor=88;Power Supervisor=89;Recovery Supervisor=90;Report Supervisor=91;Safety Supervisor=92;Storage Supervisor=93;Zerotier Service=94;Vehicle Supervisor=95;Service Announcer=96;Cache=97;Service Discovery=98;Acoustic Modem=99;GSM=100;HTTP Server=101;Iridium Modem=102;Log Book=103;Logger=104;Mobile Internet=105;TCP Server (Settings)=106;Acoustic Access Controller=107;UDP=108;LEDs=109
1788775944.011,2026-09-07T10:12:24.010999Z,16641,1,Motor Controller,8259,255,1,
1788775945.0287666,2026-09-07T10:12:25.028766Z,8259,0,Daemon,65535,255,0,Daemon=0;Motor Controller=1;Motor=2;Motor Controller (Bridge)=3;Motor Controller (MCU)=4;Servo Controller=5;Servo Controller - Servo 0=6;Servo Controller - Servo 1=7;Servo Controller - Servo 2=8;Servo Controller - Servo 3=9;Text Message Parser=10;Allocator=11;Attitude=12;Roll Parcel=13;Pitch Parcel=14;Depth Parcel=15;Heading Parcel=16;Heading Rate Parcel=17;Diving=18;Remote Control=19;Speed Control=20;Path Control=21;Path Control - Bottom Track=22;Compass Calibration Maneuver=23;Endurance Test Maneuver=24;Follow Reference Maneuver=25;Multiplexer Maneuver=26;Idle Maneuver=27;Goto Maneuver=28;Launch Maneuver=29;Loiter Maneuver=30;Station Keeping Maneuver=31;YoYo Maneuver=32;Rows Maneuver=33;Follow Path Maneuver=34;Elevator Maneuver=35;Pop Up Maneuver=36;Dislodge Maneuver=37;Alignment Maneuver=38;Magnetometer Maneuver=39;Teleoperation Maneuver=40;Collisions=41;Entity Monitor=42;Health Monitor=43;Medium=44;Navigation Monitor=45;Operational Limits=46;Servo Monitor=47;Tachograph=48;Navigation=49;LBL Ranger=50;Plan Engine=51;Plan Generator=52;Power Supply=53;Battery Pack 0=54;Battery Pack 1=55;Battery Pack 2=56;Battery Pack 3=57;Battery Pack 4=58;Battery Pack 5=59;Battery Pack 6=60;Battery Pack 7=61;Batteries=62;Power Supply (Payload)=63;Power Supply (+12VDC)=64;Power Supply (+5VDC)=65;Power Supply (Tail)=66;Medium Sensor=67;Leak Sensor=68;Sidescan=69;CTD=70;GPS=71;GPS - Constellation GPS=72;GPS - Constellation GLONASS=73;GPS - Constellation BEIDOU=74;GPS - Constellation GALILEO=75;Multibeam=76;Echo Sounder=77;AHRS=78;DVL=79;DVL - Beam 0=80;DVL - Beam 1=81;DVL - Beam 2=82;DVL - Beam 3=83;DVL Filtered=84;IO Bridge=85;Clock=86;Synthetic Clock=87;GPIO Supervisor=88;Power Supervisor=89;Recovery Supervisor=90;Report Supervisor=91;Safety Supervisor=92;Storage Supervisor=93;Zerotier Service=94;Vehicle Supervisor=95;Service Announcer=96;Cache=97;Service Discovery=98;Acoustic Modem=99;GSM=100;HTTP Server=101;Iridium Modem=102;Log Book=103;Logger=104;Mobile Internet=105;TCP Server (Settings)=106;Acoustic Access Controller=107;UDP=108;LEDs=109
1788775950.255,2026-09-07T10:12:30.255000Z,18469,1,Motor Controller,8259,255,1,
1788775950.0762193,2026-09-07T10:12:30.076219Z,8259,0,Daemon,65535,255,0,Daemon=0;Motor Controller=1;Motor=2;Motor Controller (Bridge)=3;Motor Controller (MCU)=4;Servo Controller=5;Servo Controller - Servo 0=6;Servo Controller - Servo 1=7;Servo Controller - Servo 2=8;Servo Controller - Servo 3=9;Text Message Parser=10;Allocator=11;Attitude=12;Roll Parcel=13;Pitch Parcel=14;Depth Parcel=15;Heading Parcel=16;Heading Rate Parcel=17;Diving=18;Remote Control=19;Speed Control=20;Path Control=21;Path Control - Bottom Track=22;Compass Calibration Maneuver=23;Endurance Test Maneuver=24;Follow Reference Maneuver=25;Multiplexer Maneuver=26;Idle Maneuver=27;Goto Maneuver=28;Launch Maneuver=29;Loiter Maneuver=30;Station Keeping Maneuver=31;YoYo Maneuver=32;Rows Maneuver=33;Follow Path Maneuver=34;Elevator Maneuver=35;Pop Up Maneuver=36;Dislodge Maneuver=37;Alignment Maneuver=38;Magnetometer Maneuver=39;Teleoperation Maneuver=40;Collisions=41;Entity Monitor=42;Health Monitor=43;Medium=44;Navigation Monitor=45;Operational Limits=46;Servo Monitor=47;Tachograph=48;Navigation=49;LBL Ranger=50;Plan Engine=51;Plan Generator=52;Power Supply=53;Battery Pack 0=54;Battery Pack 1=55;Battery Pack 2=56;Battery Pack 3=57;Battery Pack 4=58;Battery Pack 5=59;Battery Pack 6=60;Battery Pack 7=61;Batteries=62;Power Supply (Payload)=63;Power Supply (+12VDC)=64;Power Supply (+5VDC)=65;Power Supply (Tail)=66;Medium Sensor=67;Leak Sensor=68;Sidescan=69;CTD=70;GPS=71;GPS - Constellation GPS=72;GPS - Constellation GLONASS=73;GPS - Constellation BEIDOU=74;GPS - Constellation GALILEO=75;Multibeam=76;Echo Sounder=77;AHRS=78;DVL=79;DVL - Beam 0=80;DVL - Beam 1=81;DVL - Beam 2=82;DVL - Beam 3=83;DVL Filtered=84;IO Bridge=85;Clock=86;Synthetic Clock=87;GPIO Supervisor=88;Power Supervisor=89;Recovery Supervisor=90;Report Supervisor=91;Safety Supervisor=92;Storage Supervisor=93;Zerotier Service=94;Vehicle Supervisor=95;Service Announcer=96;Cache=97;Service Discovery=98;Acoustic Modem=99;GSM=100;HTTP Server=101;Iridium Modem=102;Log Book=103;Logger=104;Mobile Internet=105;TCP Server (Settings)=106;Acoustic Access Controller=107;UDP=108;LEDs=109
1788776547.747,2026-09-07T10:22:27.746999Z,21108,1,Motor Controller,8259,255,1,
1788776548.2714996,2026-09-07T10:22:28.271499Z,8259,0,Daemon,65535,255,0,Daemon=0;Motor Controller=1;Motor=2;Motor Controller (Bridge)=3;Motor Controller (MCU)=4;Servo Controller=5;Servo Controller - Servo 0=6;Servo Controller - Servo 1=7;Servo Controller - Servo 2=8;Servo Controller - Servo 3=9;Text Message Parser=10;Allocator=11;Attitude=12;Roll Parcel=13;Pitch Parcel=14;Depth Parcel=15;Heading Parcel=16;Heading Rate Parcel=17;Diving=18;Remote Control=19;Speed Control=20;Path Control=21;Path Control - Bottom Track=22;Compass Calibration Maneuver=23;Endurance Test Maneuver=24;Follow Reference Maneuver=25;Multiplexer Maneuver=26;Idle Maneuver=27;Goto Maneuver=28;Launch Maneuver=29;Loiter Maneuver=30;Station Keeping Maneuver=31;YoYo Maneuver=32;Rows Maneuver=33;Follow Path Maneuver=34;Elevator Maneuver=35;Pop Up Maneuver=36;Dislodge Maneuver=37;Alignment Maneuver=38;Magnetometer Maneuver=39;Teleoperation Maneuver=40;Collisions=41;Entity Monitor=42;Health Monitor=43;Medium=44;Navigation Monitor=45;Operational Limits=46;Servo Monitor=47;Tachograph=48;Navigation=49;LBL Ranger=50;Plan Engine=51;Plan Generator=52;Power Supply=53;Battery Pack 0=54;Battery Pack 1=55;Battery Pack 2=56;Battery Pack 3=57;Battery Pack 4=58;Battery Pack 5=59;Battery Pack 6=60;Battery Pack 7=61;Batteries=62;Power Supply (Payload)=63;Power Supply (+12VDC)=64;Power Supply (+5VDC)=65;Power Supply (Tail)=66;Medium Sensor=67;Leak Sensor=68;Sidescan=69;CTD=70;GPS=71;GPS - Constellation GPS=72;GPS - Constellation GLONASS=73;GPS - Constellation BEIDOU=74;GPS - Constellation GALILEO=75;Multibeam=76;Echo Sounder=77;AHRS=78;DVL=79;DVL - Beam 0=80;DVL - Beam 1=81;DVL - Beam 2=82;DVL - Beam 3=83;DVL Filtered=84;IO Bridge=85;Clock=86;Synthetic Clock=87;GPIO Supervisor=88;Power Supervisor=89;Recovery Supervisor=90;Report Supervisor=91;Safety Supervisor=92;Storage Supervisor=93;Zerotier Service=94;Vehicle Supervisor=95;Service Announcer=96;Cache=97;Service Discovery=98;Acoustic Modem=99;GSM=100;HTTP Server=101;Iridium Modem=102;Log Book=103;Logger=104;Mobile Internet=105;TCP Server (Settings)=106;Acoustic Access Controller=107;UDP=108;LEDs=109
1788776548.059,2026-09-07T10:22:28.059000Z,21108,1,Motor Controller,8259,255,1,
1788776548.31215,2026-09-07T10:22:28.312150Z,8259,0,Daemon,65535,255,0,Daemon=0;Motor Controller=1;Motor=2;Motor Controller (Bridge)=3;Motor Controller (MCU)=4;Servo Controller=5;Servo Controller - Servo 0=6;Servo Controller - Servo 1=7;Servo Controller - Servo 2=8;Servo Controller - Servo 3=9;Text Message Parser=10;Allocator=11;Attitude=12;Roll Parcel=13;Pitch Parcel=14;Depth Parcel=15;Heading Parcel=16;Heading Rate Parcel=17;Diving=18;Remote Control=19;Speed Control=20;Path Control=21;Path Control - Bottom Track=22;Compass Calibration Maneuver=23;Endurance Test Maneuver=24;Follow Reference Maneuver=25;Multiplexer Maneuver=26;Idle Maneuver=27;Goto Maneuver=28;Launch Maneuver=29;Loiter Maneuver=30;Station Keeping Maneuver=31;YoYo Maneuver=32;Rows Maneuver=33;Follow Path Maneuver=34;Elevator Maneuver=35;Pop Up Maneuver=36;Dislodge Maneuver=37;Alignment Maneuver=38;Magnetometer Maneuver=39;Teleoperation Maneuver=40;Collisions=41;Entity Monitor=42;Health Monitor=43;Medium=44;Navigation Monitor=45;Operational Limits=46;Servo Monitor=47;Tachograph=48;Navigation=49;LBL Ranger=50;Plan Engine=51;Plan Generator=52;Power Supply=53;Battery Pack 0=54;Battery Pack 1=55;Battery Pack 2=56;Battery Pack 3=57;Battery Pack 4=58;Battery Pack 5=59;Battery Pack 6=60;Battery Pack 7=61;Batteries=62;Power Supply (Payload)=63;Power Supply (+12VDC)=64;Power Supply (+5VDC)=65;Power Supply (Tail)=66;Medium Sensor=67;Leak Sensor=68;Sidescan=69;CTD=70;GPS=71;GPS - Constellation GPS=72;GPS - Constellation GLONASS=73;GPS - Constellation BEIDOU=74;GPS - Constellation GALILEO=75;Multibeam=76;Echo Sounder=77;AHRS=78;DVL=79;DVL - Beam 0=80;DVL - Beam 1=81;DVL - Beam 2=82;DVL - Beam 3=83;DVL Filtered=84;IO Bridge=85;Clock=86;Synthetic Clock=87;GPIO Supervisor=88;Power Supervisor=89;Recovery Supervisor=90;Report Supervisor=91;Safety Supervisor=92;Storage Supervisor=93;Zerotier Service=94;Vehicle Supervisor=95;Service Announcer=96;Cache=97;Service Discovery=98;Acoustic Modem=99;GSM=100;HTTP Server=101;Iridium Modem=102;Log Book=103;Logger=104;Mobile Internet=105;TCP Server (Settings)=106;Acoustic Access Controller=107;UDP=108;LEDs=109
1788776649.349,2026-09-07T10:24:09.348999Z,21108,1,Motor Controller,8259,255,1,
1788776649.4300084,2026-09-07T10:24:09.430008Z,8259,0,Daemon,65535,255,0,Daemon=0;Motor Controller=1;Motor=2;Motor Controller (Bridge)=3;Motor Controller (MCU)=4;Servo Controller=5;Servo Controller - Servo 0=6;Servo Controller - Servo 1=7;Servo Controller - Servo 2=8;Servo Controller - Servo 3=9;Text Message Parser=10;Allocator=11;Attitude=12;Roll Parcel=13;Pitch Parcel=14;Depth Parcel=15;Heading Parcel=16;Heading Rate Parcel=17;Diving=18;Remote Control=19;Speed Control=20;Path Control=21;Path Control - Bottom Track=22;Compass Calibration Maneuver=23;Endurance Test Maneuver=24;Follow Reference Maneuver=25;Multiplexer Maneuver=26;Idle Maneuver=27;Goto Maneuver=28;Launch Maneuver=29;Loiter Maneuver=30;Station Keeping Maneuver=31;YoYo Maneuver=32;Rows Maneuver=33;Follow Path Maneuver=34;Elevator Maneuver=35;Pop Up Maneuver=36;Dislodge Maneuver=37;Alignment Maneuver=38;Magnetometer Maneuver=39;Teleoperation Maneuver=40;Collisions=41;Entity Monitor=42;Health Monitor=43;Medium=44;Navigation Monitor=45;Operational Limits=46;Servo Monitor=47;Tachograph=48;Navigation=49;LBL Ranger=50;Plan Engine=51;Plan Generator=52;Power Supply=53;Battery Pack 0=54;Battery Pack 1=55;Battery Pack 2=56;Battery Pack 3=57;Battery Pack 4=58;Battery Pack 5=59;Battery Pack 6=60;Battery Pack 7=61;Batteries=62;Power Supply (Payload)=63;Power Supply (+12VDC)=64;Power Supply (+5VDC)=65;Power Supply (Tail)=66;Medium Sensor=67;Leak Sensor=68;Sidescan=69;CTD=70;GPS=71;GPS - Constellation GPS=72;GPS - Constellation GLONASS=73;GPS - Constellation BEIDOU=74;GPS - Constellation GALILEO=75;Multibeam=76;Echo Sounder=77;AHRS=78;DVL=79;DVL - Beam 0=80;DVL - Beam 1=81;DVL - Beam 2=82;DVL - Beam 3=83;DVL Filtered=84;IO Bridge=85;Clock=86;Synthetic Clock=87;GPIO Supervisor=88;Power Supervisor=89;Recovery Supervisor=90;Report Supervisor=91;Safety Supervisor=92;Storage Supervisor=93;Zerotier Service=94;Vehicle Supervisor=95;Service Announcer=96;Cache=97;Service Discovery=98;Acoustic Modem=99;GSM=100;HTTP Server=101;Iridium Modem=102;Log Book=103;Logger=104;Mobile Internet=105;TCP Server (Settings)=106;Acoustic Access Controller=107;UDP=108;LEDs=109
1788776649.378,2026-09-07T10:24:09.378000Z,21108,1,Motor Controller,8259,255,1,
1788776649.435738,2026-09-07T10:24:09.435738Z,8259,0,Daemon,65535,255,0,Daemon=0;Motor Controller=1;Motor=2;Motor Controller (Bridge)=3;Motor Controller (MCU)=4;Servo Controller=5;Servo Controller - Servo 0=6;Servo Controller - Servo 1=7;Servo Controller - Servo 2=8;Servo Controller - Servo 3=9;Text Message Parser=10;Allocator=11;Attitude=12;Roll Parcel=13;Pitch Parcel=14;Depth Parcel=15;Heading Parcel=16;Heading Rate Parcel=17;Diving=18;Remote Control=19;Speed Control=20;Path Control=21;Path Control - Bottom Track=22;Compass Calibration Maneuver=23;Endurance Test Maneuver=24;Follow Reference Maneuver=25;Multiplexer Maneuver=26;Idle Maneuver=27;Goto Maneuver=28;Launch Maneuver=29;Loiter Maneuver=30;Station Keeping Maneuver=31;YoYo Maneuver=32;Rows Maneuver=33;Follow Path Maneuver=34;Elevator Maneuver=35;Pop Up Maneuver=36;Dislodge Maneuver=37;Alignment Maneuver=38;Magnetometer Maneuver=39;Teleoperation Maneuver=40;Collisions=41;Entity Monitor=42;Health Monitor=43;Medium=44;Navigation Monitor=45;Operational Limits=46;Servo Monitor=47;Tachograph=48;Navigation=49;LBL Ranger=50;Plan Engine=51;Plan Generator=52;Power Supply=53;Battery Pack 0=54;Battery Pack 1=55;Battery Pack 2=56;Battery Pack 3=57;Battery Pack 4=58;Battery Pack 5=59;Battery Pack 6=60;Battery Pack 7=61;Batteries=62;Power Supply (Payload)=63;Power Supply (+12VDC)=64;Power Supply (+5VDC)=65;Power Supply (Tail)=66;Medium Sensor=67;Leak Sensor=68;Sidescan=69;CTD=70;GPS=71;GPS - Constellation GPS=72;GPS - Constellation GLONASS=73;GPS - Constellation BEIDOU=74;GPS - Constellation GALILEO=75;Multibeam=76;Echo Sounder=77;AHRS=78;DVL=79;DVL - Beam 0=80;DVL - Beam 1=81;DVL - Beam 2=82;DVL - Beam 3=83;DVL Filtered=84;IO Bridge=85;Clock=86;Synthetic Clock=87;GPIO Supervisor=88;Power Supervisor=89;Recovery Supervisor=90;Report Supervisor=91;Safety Supervisor=92;Storage Supervisor=93;Zerotier Service=94;Vehicle Supervisor=95;Service Announcer=96;Cache=97;Service Discovery=98;Acoustic Modem=99;GSM=100;HTTP Server=101;Iridium Modem=102;Log Book=103;Logger=104;Mobile Internet=105;TCP Server (Settings)=106;Acoustic Access Controller=107;UDP=108;LEDs=109
1788776649.693,2026-09-07T10:24:09.693000Z,21108,1,Motor Controller,8259,255,1,
1788776649.901744,2026-09-07T10:24:09.901743Z,8259,0,Daemon,65535,255,0,Daemon=0;Motor Controller=1;Motor=2;Motor Controller (Bridge)=3;Motor Controller (MCU)=4;Servo Controller=5;Servo Controller - Servo 0=6;Servo Controller - Servo 1=7;Servo Controller - Servo 2=8;Servo Controller - Servo 3=9;Text Message Parser=10;Allocator=11;Attitude=12;Roll Parcel=13;Pitch Parcel=14;Depth Parcel=15;Heading Parcel=16;Heading Rate Parcel=17;Diving=18;Remote Control=19;Speed Control=20;Path Control=21;Path Control - Bottom Track=22;Compass Calibration Maneuver=23;Endurance Test Maneuver=24;Follow Reference Maneuver=25;Multiplexer Maneuver=26;Idle Maneuver=27;Goto Maneuver=28;Launch Maneuver=29;Loiter Maneuver=30;Station Keeping Maneuver=31;YoYo Maneuver=32;Rows Maneuver=33;Follow Path Maneuver=34;Elevator Maneuver=35;Pop Up Maneuver=36;Dislodge Maneuver=37;Alignment Maneuver=38;Magnetometer Maneuver=39;Teleoperation Maneuver=40;Collisions=41;Entity Monitor=42;Health Monitor=43;Medium=44;Navigation Monitor=45;Operational Limits=46;Servo Monitor=47;Tachograph=48;Navigation=49;LBL Ranger=50;Plan Engine=51;Plan Generator=52;Power Supply=53;Battery Pack 0=54;Battery Pack 1=55;Battery Pack 2=56;Battery Pack 3=57;Battery Pack 4=58;Battery Pack 5=59;Battery Pack 6=60;Battery Pack 7=61;Batteries=62;Power Supply (Payload)=63;Power Supply (+12VDC)=64;Power Supply (+5VDC)=65;Power Supply (Tail)=66;Medium Sensor=67;Leak Sensor=68;Sidescan=69;CTD=70;GPS=71;GPS - Constellation GPS=72;GPS - Constellation GLONASS=73;GPS - Constellation BEIDOU=74;GPS - Constellation GALILEO=75;Multibeam=76;Echo Sounder=77;AHRS=78;DVL=79;DVL - Beam 0=80;DVL - Beam 1=81;DVL - Beam 2=82;DVL - Beam 3=83;DVL Filtered=84;IO Bridge=85;Clock=86;Synthetic Clock=87;GPIO Supervisor=88;Power Supervisor=89;Recovery Supervisor=90;Report Supervisor=91;Safety Supervisor=92;Storage Supervisor=93;Zerotier Service=94;Vehicle Supervisor=95;Service Announcer=96;Cache=97;Service Discovery=98;Acoustic Modem=99;GSM=100;HTTP Server=101;Iridium Modem=102;Log Book=103;Logger=104;Mobile Internet=105;TCP Server (Settings)=106;Acoustic Access Controller=107;UDP=108;LEDs=109
1788776664.008,2026-09-07T10:24:24.007999Z,16641,1,Motor Controller,8259,255,1,
1788776667.9841828,2026-09-07T10:24:27.984182Z,8259,0,Daemon,65535,255,0,Daemon=0;Motor Controller=1;Motor=2;Motor Controller (Bridge)=3;Motor Controller (MCU)=4;Servo Controller=5;Servo Controller - Servo 0=6;Servo Controller - Servo 1=7;Servo Controller - Servo 2=8;Servo Controller - Servo 3=9;Text Message Parser=10;Allocator=11;Attitude=12;Roll Parcel=13;Pitch Parcel=14;Depth Parcel=15;Heading Parcel=16;Heading Rate Parcel=17;Diving=18;Remote Control=19;Speed Control=20;Path Control=21;Path Control - Bottom Track=22;Compass Calibration Maneuver=23;Endurance Test Maneuver=24;Follow Reference Maneuver=25;Multiplexer Maneuver=26;Idle Maneuver=27;Goto Maneuver=28;Launch Maneuver=29;Loiter Maneuver=30;Station Keeping Maneuver=31;YoYo Maneuver=32;Rows Maneuver=33;Follow Path Maneuver=34;Elevator Maneuver=35;Pop Up Maneuver=36;Dislodge Maneuver=37;Alignment Maneuver=38;Magnetometer Maneuver=39;Teleoperation Maneuver=40;Collisions=41;Entity Monitor=42;Health Monitor=43;Medium=44;Navigation Monitor=45;Operational Limits=46;Servo Monitor=47;Tachograph=48;Navigation=49;LBL Ranger=50;Plan Engine=51;Plan Generator=52;Power Supply=53;Battery Pack 0=54;Battery Pack 1=55;Battery Pack 2=56;Battery Pack 3=57;Battery Pack 4=58;Battery Pack 5=59;Battery Pack 6=60;Battery Pack 7=61;Batteries=62;Power Supply (Payload)=63;Power Supply (+12VDC)=64;Power Supply (+5VDC)=65;Power Supply (Tail)=66;Medium Sensor=67;Leak Sensor=68;Sidescan=69;CTD=70;GPS=71;GPS - Constellation GPS=72;GPS - Constellation GLONASS=73;GPS - Constellation BEIDOU=74;GPS - Constellation GALILEO=75;Multibeam=76;Echo Sounder=77;AHRS=78;DVL=79;DVL - Beam 0=80;DVL - Beam 1=81;DVL - Beam 2=82;DVL - Beam 3=83;DVL Filtered=84;IO Bridge=85;Clock=86;Synthetic Clock=87;GPIO Supervisor=88;Power Supervisor=89;Recovery Supervisor=90;Report Supervisor=91;Safety Supervisor=92;Storage Supervisor=93;Zerotier Service=94;Vehicle Supervisor=95;Service Announcer=96;Cache=97;Service Discovery=98;Acoustic Modem=99;GSM=100;HTTP Server=101;Iridium Modem=102;Log Book=103;Logger=104;Mobile Internet=105;TCP Server (Settings)=106;Acoustic Access Controller=107;UDP=108;LEDs=109
1788776666.912,2026-09-07T10:24:26.911999Z,21108,1,Motor Controller,8259,255,1,
1788776669.0396702,2026-09-07T10:24:29.039670Z,8259,0,Daemon,65535,255,0,Daemon=0;Motor Controller=1;Motor=2;Motor Controller (Bridge)=3;Motor Controller (MCU)=4;Servo Controller=5;Servo Controller - Servo 0=6;Servo Controller - Servo 1=7;Servo Controller - Servo 2=8;Servo Controller - Servo 3=9;Text Message Parser=10;Allocator=11;Attitude=12;Roll Parcel=13;Pitch Parcel=14;Depth Parcel=15;Heading Parcel=16;Heading Rate Parcel=17;Diving=18;Remote Control=19;Speed Control=20;Path Control=21;Path Control - Bottom Track=22;Compass Calibration Maneuver=23;Endurance Test Maneuver=24;Follow Reference Maneuver=25;Multiplexer Maneuver=26;Idle Maneuver=27;Goto Maneuver=28;Launch Maneuver=29;Loiter Maneuver=30;Station Keeping Maneuver=31;YoYo Maneuver=32;Rows Maneuver=33;Follow Path Maneuver=34;Elevator Maneuver=35;Pop Up Maneuver=36;Dislodge Maneuver=37;Alignment Maneuver=38;Magnetometer Maneuver=39;Teleoperation Maneuver=40;Collisions=41;Entity Monitor=42;Health Monitor=43;Medium=44;Navigation Monitor=45;Operational Limits=46;Servo Monitor=47;Tachograph=48;Navigation=49;LBL Ranger=50;Plan Engine=51;Plan Generator=52;Power Supply=53;Battery Pack 0=54;Battery Pack 1=55;Battery Pack 2=56;Battery Pack 3=57;Battery Pack 4=58;Battery Pack 5=59;Battery Pack 6=60;Battery Pack 7=61;Batteries=62;Power Supply (Payload)=63;Power Supply (+12VDC)=64;Power Supply (+5VDC)=65;Power Supply (Tail)=66;Medium Sensor=67;Leak Sensor=68;Sidescan=69;CTD=70;GPS=71;GPS - Constellation GPS=72;GPS - Constellation GLONASS=73;GPS - Constellation BEIDOU=74;GPS - Constellation GALILEO=75;Multibeam=76;Echo Sounder=77;AHRS=78;DVL=79;DVL - Beam 0=80;DVL - Beam 1=81;DVL - Beam 2=82;DVL - Beam 3=83;DVL Filtered=84;IO Bridge=85;Clock=86;Synthetic Clock=87;GPIO Supervisor=88;Power Supervisor=89;Recovery Supervisor=90;Report Supervisor=91;Safety Supervisor=92;Storage Supervisor=93;Zerotier Service=94;Vehicle Supervisor=95;Service Announcer=96;Cache=97;Service Discovery=98;Acoustic Modem=99;GSM=100;HTTP Server=101;Iridium Modem=102;Log Book=103;Logger=104;Mobile Internet=105;TCP Server (Settings)=106;Acoustic Access Controller=107;UDP=108;LEDs=109
1788776667.459,2026-09-07T10:24:27.459000Z,21108,1,Motor Controller,8259,255,1,
1788776669.4230568,2026-09-07T10:24:29.423056Z,8259,0,Daemon,65535,255,0,Daemon=0;Motor Controller=1;Motor=2;Motor Controller (Bridge)=3;Motor Controller (MCU)=4;Servo Controller=5;Servo Controller - Servo 0=6;Servo Controller - Servo 1=7;Servo Controller - Servo 2=8;Servo Controller - Servo 3=9;Text Message Parser=10;Allocator=11;Attitude=12;Roll Parcel=13;Pitch Parcel=14;Depth Parcel=15;Heading Parcel=16;Heading Rate Parcel=17;Diving=18;Remote Control=19;Speed Control=20;Path Control=21;Path Control - Bottom Track=22;Compass Calibration Maneuver=23;Endurance Test Maneuver=24;Follow Reference Maneuver=25;Multiplexer Maneuver=26;Idle Maneuver=27;Goto Maneuver=28;Launch Maneuver=29;Loiter Maneuver=30;Station Keeping Maneuver=31;YoYo Maneuver=32;Rows Maneuver=33;Follow Path Maneuver=34;Elevator Maneuver=35;Pop Up Maneuver=36;Dislodge Maneuver=37;Alignment Maneuver=38;Magnetometer Maneuver=39;Teleoperation Maneuver=40;Collisions=41;Entity Monitor=42;Health Monitor=43;Medium=44;Navigation Monitor=45;Operational Limits=46;Servo Monitor=47;Tachograph=48;Navigation=49;LBL Ranger=50;Plan Engine=51;Plan Generator=52;Power Supply=53;Battery Pack 0=54;Battery Pack 1=55;Battery Pack 2=56;Battery Pack 3=57;Battery Pack 4=58;Battery Pack 5=59;Battery Pack 6=60;Battery Pack 7=61;Batteries=62;Power Supply (Payload)=63;Power Supply (+12VDC)=64;Power Supply (+5VDC)=65;Power Supply (Tail)=66;Medium Sensor=67;Leak Sensor=68;Sidescan=69;CTD=70;GPS=71;GPS - Constellation GPS=72;GPS - Constellation GLONASS=73;GPS - Constellation BEIDOU=74;GPS - Constellation GALILEO=75;Multibeam=76;Echo Sounder=77;AHRS=78;DVL=79;DVL - Beam 0=80;DVL - Beam 1=81;DVL - Beam 2=82;DVL - Beam 3=83;DVL Filtered=84;IO Bridge=85;Clock=86;Synthetic Clock=87;GPIO Supervisor=88;Power Supervisor=89;Recovery Supervisor=90;Report Supervisor=91;Safety Supervisor=92;Storage Supervisor=93;Zerotier Service=94;Vehicle Supervisor=95;Service Announcer=96;Cache=97;Service Discovery=98;Acoustic Modem=99;GSM=100;HTTP Server=101;Iridium Modem=102;Log Book=103;Logger=104;Mobile Internet=105;TCP Server (Settings)=106;Acoustic Access Controller=107;UDP=108;LEDs=109
1788776670.255,2026-09-07T10:24:30.255000Z,18469,1,Motor Controller,8259,255,1,
1788776671.001924,2026-09-07T10:24:31.001924Z,8259,0,Daemon,65535,255,0,Daemon=0;Motor Controller=1;Motor=2;Motor Controller (Bridge)=3;Motor Controller (MCU)=4;Servo Controller=5;Servo Controller - Servo 0=6;Servo Controller - Servo 1=7;Servo Controller - Servo 2=8;Servo Controller - Servo 3=9;Text Message Parser=10;Allocator=11;Attitude=12;Roll Parcel=13;Pitch Parcel=14;Depth Parcel=15;Heading Parcel=16;Heading Rate Parcel=17;Diving=18;Remote Control=19;Speed Control=20;Path Control=21;Path Control - Bottom Track=22;Compass Calibration Maneuver=23;Endurance Test Maneuver=24;Follow Reference Maneuver=25;Multiplexer Maneuver=26;Idle Maneuver=27;Goto Maneuver=28;Launch Maneuver=29;Loiter Maneuver=30;Station Keeping Maneuver=31;YoYo Maneuver=32;Rows Maneuver=33;Follow Path Maneuver=34;Elevator Maneuver=35;Pop Up Maneuver=36;Dislodge Maneuver=37;Alignment Maneuver=38;Magnetometer Maneuver=39;Teleoperation Maneuver=40;Collisions=41;Entity Monitor=42;Health Monitor=43;Medium=44;Navigation Monitor=45;Operational Limits=46;Servo Monitor=47;Tachograph=48;Navigation=49;LBL Ranger=50;Plan Engine=51;Plan Generator=52;Power Supply=53;Battery Pack 0=54;Battery Pack 1=55;Battery Pack 2=56;Battery Pack 3=57;Battery Pack 4=58;Battery Pack 5=59;Battery Pack 6=60;Battery Pack 7=61;Batteries=62;Power Supply (Payload)=63;Power Supply (+12VDC)=64;Power Supply (+5VDC)=65;Power Supply (Tail)=66;Medium Sensor=67;Leak Sensor=68;Sidescan=69;CTD=70;GPS=71;GPS - Constellation GPS=72;GPS - Constellation GLONASS=73;GPS - Constellation BEIDOU=74;GPS - Constellation GALILEO=75;Multibeam=76;Echo Sounder=77;AHRS=78;DVL=79;DVL - Beam 0=80;DVL - Beam 1=81;DVL - Beam 2=82;DVL - Beam 3=83;DVL Filtered=84;IO Bridge=85;Clock=86;Synthetic Clock=87;GPIO Supervisor=88;Power Supervisor=89;Recovery Supervisor=90;Report Supervisor=91;Safety Supervisor=92;Storage Supervisor=93;Zerotier Service=94;Vehicle Supervisor=95;Service Announcer=96;Cache=97;Service Discovery=98;Acoustic Modem=99;GSM=100;HTTP Server=101;Iridium Modem=102;Log Book=103;Logger=104;Mobile Internet=105;TCP Server (Settings)=106;Acoustic Access Controller=107;UDP=108;LEDs=109
1788776679.693,2026-09-07T10:24:39.693000Z,21108,1,Motor Controller,8259,255,1,
1788776679.9038656,2026-09-07T10:24:39.903865Z,8259,0,Daemon,65535,255,0,Daemon=0;Motor Controller=1;Motor=2;Motor Controller (Bridge)=3;Motor Controller (MCU)=4;Servo Controller=5;Servo Controller - Servo 0=6;Servo Controller - Servo 1=7;Servo Controller - Servo 2=8;Servo Controller - Servo 3=9;Text Message Parser=10;Allocator=11;Attitude=12;Roll Parcel=13;Pitch Parcel=14;Depth Parcel=15;Heading Parcel=16;Heading Rate Parcel=17;Diving=18;Remote Control=19;Speed Control=20;Path Control=21;Path Control - Bottom Track=22;Compass Calibration Maneuver=23;Endurance Test Maneuver=24;Follow Reference Maneuver=25;Multiplexer Maneuver=26;Idle Maneuver=27;Goto Maneuver=28;Launch Maneuver=29;Loiter Maneuver=30;Station Keeping Maneuver=31;YoYo Maneuver=32;Rows Maneuver=33;Follow Path Maneuver=34;Elevator Maneuver=35;Pop Up Maneuver=36;Dislodge Maneuver=37;Alignment Maneuver=38;Magnetometer Maneuver=39;Teleoperation Maneuver=40;Collisions=41;Entity Monitor=42;Health Monitor=43;Medium=44;Navigation Monitor=45;Operational Limits=46;Servo Monitor=47;Tachograph=48;Navigation=49;LBL Ranger=50;Plan Engine=51;Plan Generator=52;Power Supply=53;Battery Pack 0=54;Battery Pack 1=55;Battery Pack 2=56;Battery Pack 3=57;Battery Pack 4=58;Battery Pack 5=59;Battery Pack 6=60;Battery Pack 7=61;Batteries=62;Power Supply (Payload)=63;Power Supply (+12VDC)=64;Power Supply (+5VDC)=65;Power Supply (Tail)=66;Medium Sensor=67;Leak Sensor=68;Sidescan=69;CTD=70;GPS=71;GPS - Constellation GPS=72;GPS - Constellation GLONASS=73;GPS - Constellation BEIDOU=74;GPS - Constellation GALILEO=75;Multibeam=76;Echo Sounder=77;AHRS=78;DVL=79;DVL - Beam 0=80;DVL - Beam 1=81;DVL - Beam 2=82;DVL - Beam 3=83;DVL Filtered=84;IO Bridge=85;Clock=86;Synthetic Clock=87;GPIO Supervisor=88;Power Supervisor=89;Recovery Supervisor=90;Report Supervisor=91;Safety Supervisor=92;Storage Supervisor=93;Zerotier Service=94;Vehicle Supervisor=95;Service Announcer=96;Cache=97;Service Discovery=98;Acoustic Modem=99;GSM=100;HTTP Server=101;Iridium Modem=102;Log Book=103;Logger=104;Mobile Internet=105;TCP Server (Settings)=106;Acoustic Access Controller=107;UDP=108;LEDs=109
1788776682.059,2026-09-07T10:24:42.059000Z,0,0,Daemon,65535,255,1,
1788776682.1894922,2026-09-07T10:24:42.189492Z,8259,0,Daemon,65535,255,0,Daemon=0;Motor Controller=1;Motor=2;Motor Controller (Bridge)=3;Motor Controller (MCU)=4;Servo Controller=5;Servo Controller - Servo 0=6;Servo Controller - Servo 1=7;Servo Controller - Servo 2=8;Servo Controller - Servo 3=9;Text Message Parser=10;Allocator=11;Attitude=12;Roll Parcel=13;Pitch Parcel=14;Depth Parcel=15;Heading Parcel=16;Heading Rate Parcel=17;Diving=18;Remote Control=19;Speed Control=20;Path Control=21;Path Control - Bottom Track=22;Compass Calibration Maneuver=23;Endurance Test Maneuver=24;Follow Reference Maneuver=25;Multiplexer Maneuver=26;Idle Maneuver=27;Goto Maneuver=28;Launch Maneuver=29;Loiter Maneuver=30;Station Keeping Maneuver=31;YoYo Maneuver=32;Rows Maneuver=33;Follow Path Maneuver=34;Elevator Maneuver=35;Pop Up Maneuver=36;Dislodge Maneuver=37;Alignment Maneuver=38;Magnetometer Maneuver=39;Teleoperation Maneuver=40;Collisions=41;Entity Monitor=42;Health Monitor=43;Medium=44;Navigation Monitor=45;Operational Limits=46;Servo Monitor=47;Tachograph=48;Navigation=49;LBL Ranger=50;Plan Engine=51;Plan Generator=52;Power Supply=53;Battery Pack 0=54;Battery Pack 1=55;Battery Pack 2=56;Battery Pack 3=57;Battery Pack 4=58;Battery Pack 5=59;Battery Pack 6=60;Battery Pack 7=61;Batteries=62;Power Supply (Payload)=63;Power Supply (+12VDC)=64;Power Supply (+5VDC)=65;Power Supply (Tail)=66;Medium Sensor=67;Leak Sensor=68;Sidescan=69;CTD=70;GPS=71;GPS - Constellation GPS=72;GPS - Constellation GLONASS=73;GPS - Constellation BEIDOU=74;GPS - Constellation GALILEO=75;Multibeam=76;Echo Sounder=77;AHRS=78;DVL=79;DVL - Beam 0=80;DVL - Beam 1=81;DVL - Beam 2=82;DVL - Beam 3=83;DVL Filtered=84;IO Bridge=85;Clock=86;Synthetic Clock=87;GPIO Supervisor=88;Power Supervisor=89;Recovery Supervisor=90;Report Supervisor=91;Safety Supervisor=92;Storage Supervisor=93;Zerotier Service=94;Vehicle Supervisor=95;Service Announcer=96;Cache=97;Service Discovery=98;Acoustic Modem=99;GSM=100;HTTP Server=101;Iridium Modem=102;Log Book=103;Logger=104;Mobile Internet=105;TCP Server (Settings)=106;Acoustic Access Controller=107;UDP=108;LEDs=109
1788776682.287,2026-09-07T10:24:42.286999Z,0,0,Daemon,65535,255,1,
1788776682.195455,2026-09-07T10:24:42.195455Z,8259,0,Daemon,65535,255,0,Daemon=0;Motor Controller=1;Motor=2;Motor Controller (Bridge)=3;Motor Controller (MCU)=4;Servo Controller=5;Servo Controller - Servo 0=6;Servo Controller - Servo 1=7;Servo Controller - Servo 2=8;Servo Controller - Servo 3=9;Text Message Parser=10;Allocator=11;Attitude=12;Roll Parcel=13;Pitch Parcel=14;Depth Parcel=15;Heading Parcel=16;Heading Rate Parcel=17;Diving=18;Remote Control=19;Speed Control=20;Path Control=21;Path Control - Bottom Track=22;Compass Calibration Maneuver=23;Endurance Test Maneuver=24;Follow Reference Maneuver=25;Multiplexer Maneuver=26;Idle Maneuver=27;Goto Maneuver=28;Launch Maneuver=29;Loiter Maneuver=30;Station Keeping Maneuver=31;YoYo Maneuver=32;Rows Maneuver=33;Follow Path Maneuver=34;Elevator Maneuver=35;Pop Up Maneuver=36;Dislodge Maneuver=37;Alignment Maneuver=38;Magnetometer Maneuver=39;Teleoperation Maneuver=40;Collisions=41;Entity Monitor=42;Health Monitor=43;Medium=44;Navigation Monitor=45;Operational Limits=46;Servo Monitor=47;Tachograph=48;Navigation=49;LBL Ranger=50;Plan Engine=51;Plan Generator=52;Power Supply=53;Battery Pack 0=54;Battery Pack 1=55;Battery Pack 2=56;Battery Pack 3=57;Battery Pack 4=58;Battery Pack 5=59;Battery Pack 6=60;Battery Pack 7=61;Batteries=62;Power Supply (Payload)=63;Power Supply (+12VDC)=64;Power Supply (+5VDC)=65;Power Supply (Tail)=66;Medium Sensor=67;Leak Sensor=68;Sidescan=69;CTD=70;GPS=71;GPS - Constellation GPS=72;GPS - Constellation GLONASS=73;GPS - Constellation BEIDOU=74;GPS - Constellation GALILEO=75;Multibeam=76;Echo Sounder=77;AHRS=78;DVL=79;DVL - Beam 0=80;DVL - Beam 1=81;DVL - Beam 2=82;DVL - Beam 3=83;DVL Filtered=84;IO Bridge=85;Clock=86;Synthetic Clock=87;GPIO Supervisor=88;Power Supervisor=89;Recovery Supervisor=90;Report Supervisor=91;Safety Supervisor=92;Storage Supervisor=93;Zerotier Service=94;Vehicle Supervisor=95;Service Announcer=96;Cache=97;Service Discovery=98;Acoustic Modem=99;GSM=100;HTTP Server=101;Iridium Modem=102;Log Book=103;Logger=104;Mobile Internet=105;TCP Server (Settings)=106;Acoustic Access Controller=107;UDP=108;LEDs=109
1788776681.156,2026-09-07T10:24:41.155999Z,0,0,Daemon,65535,255,1,
1788776682.233322,2026-09-07T10:24:42.233321Z,8259,0,Daemon,65535,255,0,Daemon=0;Motor Controller=1;Motor=2;Motor Controller (Bridge)=3;Motor Controller (MCU)=4;Servo Controller=5;Servo Controller - Servo 0=6;Servo Controller - Servo 1=7;Servo Controller - Servo 2=8;Servo Controller - Servo 3=9;Text Message Parser=10;Allocator=11;Attitude=12;Roll Parcel=13;Pitch Parcel=14;Depth Parcel=15;Heading Parcel=16;Heading Rate Parcel=17;Diving=18;Remote Control=19;Speed Control=20;Path Control=21;Path Control - Bottom Track=22;Compass Calibration Maneuver=23;Endurance Test Maneuver=24;Follow Reference Maneuver=25;Multiplexer Maneuver=26;Idle Maneuver=27;Goto Maneuver=28;Launch Maneuver=29;Loiter Maneuver=30;Station Keeping Maneuver=31;YoYo Maneuver=32;Rows Maneuver=33;Follow Path Maneuver=34;Elevator Maneuver=35;Pop Up Maneuver=36;Dislodge Maneuver=37;Alignment Maneuver=38;Magnetometer Maneuver=39;Teleoperation Maneuver=40;Collisions=41;Entity Monitor=42;Health Monitor=43;Medium=44;Navigation Monitor=45;Operational Limits=46;Servo Monitor=47;Tachograph=48;Navigation=49;LBL Ranger=50;Plan Engine=51;Plan Generator=52;Power Supply=53;Battery Pack 0=54;Battery Pack 1=55;Battery Pack 2=56;Battery Pack 3=57;Battery Pack 4=58;Battery Pack 5=59;Battery Pack 6=60;Battery Pack 7=61;Batteries=62;Power Supply (Payload)=63;Power Supply (+12VDC)=64;Power Supply (+5VDC)=65;Power Supply (Tail)=66;Medium Sensor=67;Leak Sensor=68;Sidescan=69;CTD=70;GPS=71;GPS - Constellation GPS=72;GPS - Constellation GLONASS=73;GPS - Constellation BEIDOU=74;GPS - Constellation GALILEO=75;Multibeam=76;Echo Sounder=77;AHRS=78;DVL=79;DVL - Beam 0=80;DVL - Beam 1=81;DVL - Beam 2=82;DVL - Beam 3=83;DVL Filtered=84;IO Bridge=85;Clock=86;Synthetic Clock=87;GPIO Supervisor=88;Power Supervisor=89;Recovery Supervisor=90;Report Supervisor=91;Safety Supervisor=92;Storage Supervisor=93;Zerotier Service=94;Vehicle Supervisor=95;Service Announcer=96;Cache=97;Service Discovery=98;Acoustic Modem=99;GSM=100;HTTP Server=101;Iridium Modem=102;Log Book=103;Logger=104;Mobile Internet=105;TCP Server (Settings)=106;Acoustic Access Controller=107;UDP=108;LEDs=109
