timestamp,utc,src,src_ent,src_ent_label,dst,dst_ent,state,eta,info
1788775895.4816067,2026-09-07T10:11:35.481606Z,8259,26,Multiplexer Maneuver,65535,255,0,65535,in progress
1788775895.4816515,2026-09-07T10:11:35.481651Z,8259,27,Idle Maneuver,65535,255,0,65535,
1788775895.4816563,2026-09-07T10:11:35.481656Z,8259,27,Idle Maneuver,65535,255,0,65535,
1788775895.5255368,2026-09-07T10:11:35.525536Z,8259,27,Idle Maneuver,65535,255,0,65535,
1788775895.575481,2026-09-07T10:11:35.575480Z,8259,27,Idle Maneuver,65535,255,0,65535,
1788775895.575694,2026-09-07T10:11:35.575694Z,8259,27,Idle Maneuver,65535,255,0,65535,
1788775895.5765057,2026-09-07T10:11:35.576505Z,8259,27,Idle Maneuver,65535,255,0,65535,
1788775895.5818222,2026-09-07T10:11:35.581822Z,8259,27,Idle Maneuver,65535,255,0,65535,
1788775895.6252909,2026-09-07T10:11:35.625290Z,8259,27,Idle Maneuver,65535,255,0,65535,
1788775895.6254168,2026-09-07T10:11:35.625416Z,8259,27,Idle Maneuver,65535,255,0,65535,
1788775895.6754682,2026-09-07T10:11:35.675468Z,8259,27,Idle Maneuver,65535,255,0,65535,
1788775895.7254605,2026-09-07T10:11:35.725460Z,8259,27,Idle Maneuver,65535,255,0,65535,
1788775895.7754538,2026-09-07T10:11:35.775453Z,8259,27,Idle Maneuver,65535,255,0,65535,
1788775895.8254645,2026-09-07T10:11:35.825464Z,8259,27,Idle Maneuver,65535,255,0,65535,
1788775895.8755083,2026-09-07T10:11:35.875508Z,8259,27,Idle Maneuver,65535,255,0,65535,
1788775895.9254904,2026-09-07T10:11:35.925490Z,8259,27,Idle Maneuver,65535,255,0,65535,
1788775895.9741476,2026-09-07T10:11:35.974147Z,8259,27,Idle Maneuver,65535,255,0,65535,
1788775895.975425,2026-09-07T10:11:35.975425Z,8259,27,Idle Maneuver,65535,255,0,65535,
1788775896.025293,2026-09-07T10:11:36.025293Z,8259,27,Idle Maneuver,65535,255,0,65535,
1788775896.0754888,2026-09-07T10:11:36.075488Z,8259,27,Idle Maneuver,65535,255,0,65535,
1788775896.1254756,2026-09-07T10:11:36.125475Z,8259,27,Idle Maneuver,65535,255,0,65535,
1788775896.1753557,2026-09-07T10:11:36.175355Z,8259,27,Idle Maneuver,65535,255,0,65535,
1788775896.22524,2026-09-07T10:11:36.225239Z,8259,27,Idle Maneuver,65535,255,0,65535,
1788775896.275484,2026-09-07T10:11:36.275484Z,8259,27,Idle Maneuver,65535,255,0,65535,
1788775896.325442,2026-09-07T10:11:36.325442Z,8259,27,Idle Maneuver,65535,255,0,65535,
1788775896.3328037,2026-09-07T10:11:36.332803Z,8259,27,Idle Maneuver,65535,255,0,65535,
1788775896.3754878,2026-09-07T10:11:36.375487Z,8259,27,Idle Maneuver,65535,255,0,65535,
1788775896.4253047,2026-09-07T10:11:36.425304Z,8259,27,Idle Maneuver,65535,255,0,65535,
1788775896.4754572,2026-09-07T10:11:36.475457Z,8259,27,Idle Maneuver,65535,255,0,65535,
1788775896.525415,2026-09-07T10:11:36.525414Z,8259,27,Idle Maneuver,65535,255,0,65535,
1788775896.575475,2026-09-07T10:11:36.575474Z,8259,27,Idle Maneuver,65535,255,0,65535,
1788775896.586922,2026-09-07T10:11:36.586921Z,8259,27,Idle Maneuver,65535,255,0,65535,
1788775896.6253178,2026-09-07T10:11:36.625317Z,8259,27,Idle Maneuver,65535,255,0,65535,
1788775896.625432,2026-09-07T10:11:36.625432Z,8259,27,Idle Maneuver,65535,255,0,65535,
1788775896.6755595,2026-09-07T10:11:36.675559Z,8259,27,Idle Maneuver,65535,255,0,65535,
1788775896.7253962,2026-09-07T10:11:36.725396Z,8259,27,Idle Maneuver,65535,255,0,65535,
1788775896.7754421,2026-09-07T10:11:36.775442Z,8259,27,Idle Maneuver,65535,255,0,65535,
1788775896.8253033,2026-09-07T10:11:36.825303Z,8259,27,Idle Maneuver,65535,255,0,65535,
1788775896.8754804,2026-09-07T10:11:36.875480Z,8259,27,Idle Maneuver,65535,255,0,65535,
1788775896.9255333,2026-09-07T10:11:36.925533Z,8259,27,Idle Maneuver,65535,255,0,65535,
1788775896.9739428,2026-09-07T10:11:36.973942Z,8259,27,Idle Maneuver,65535,255,0,65535,
1788775896.9754326,2026-09-07T10:11:36.975432Z,8259,27,Idle Maneuver,65535,255,0,65535,
1788775897.0253534,2026-09-07T10:11:37.025353Z,8259,27,Idle Maneuver,65535,255,0,65535,
1788775897.0754654,2026-09-07T10:11:37.075465Z,8259,27,Idle Maneuver,65535,255,0,65535,
1788775897.1253471,2026-09-07T10:11:37.125347Z,8259,27,Idle Maneuver,65535,255,0,65535,
1788775897.1752377,2026-09-07T10:11:37.175237Z,8259,27,Idle Maneuver,65535,255,0,65535,
1788775897.2252424,2026-09-07T10:11:37.225242Z,8259,27,Idle Maneuver,65535,255,0,65535,
1788775897.275483,2026-09-07T10:11:37.275482Z,8259,27,Idle Maneuver,65535,255,0,65535,
1788775897.3145037,2026-09-07T10:11:37.314503Z,8259,27,Idle Maneuver,65535,255,0,65535,
1788775897.3254495,2026-09-07T10:11:37.325449Z,8259,27,Idle Maneuver,65535,255,0,65535,
1788775897.3756924,2026-09-07T10:11:37.375692Z,8259,27,Idle Maneuver,65535,255,0,65535,
1788775897.4253602,2026-09-07T10:11:37.425360Z,8259,27,Idle Maneuver,65535,255,0,65535,
1788775897.475549,2026-09-07T10:11:37.475548Z,8259,27,Idle Maneuver,65535,255,0,65535,
1788775897.525541,2026-09-07T10:11:37.525541Z,8259,27,Idle Maneuver,65535,255,0,65535,
1788775897.5754573,2026-09-07T10:11:37.575457Z,8259,27,Idle Maneuver,65535,255,0,65535,
1788775897.5911932,2026-09-07T10:11:37.591193Z,8259,27,Idle Maneuver,65535,255,0,65535,
1788775897.6253843,2026-09-07T10:11:37.625384Z,8259,27,Idle Maneuver,65535,255,0,65535,
1788775897.6754797,2026-09-07T10:11:37.675479Z,8259,27,Idle Maneuver,65535,255,0,65535,
1788775897.7254744,2026-09-07T10:11:37.725474Z,8259,27,Idle Maneuver,65535,255,0,65535,
1788775897.775505,2026-09-07T10:11:37.775505Z,8259,27,Idle Maneuver,65535,255,0,65535,
1788775897.82543,2026-09-07T10:11:37.825429Z,8259,27,Idle Maneuver,65535,255,0,65535,
1788775897.8755708,2026-09-07T10:11:37.875570Z,8259,27,Idle Maneuver,65535,255,0,65535,
1788775897.925473,2026-09-07T10:11:37.925472Z,8259,27,Idle Maneuver,65535,255,0,65535,
1788775897.9740334,2026-09-07T10:11:37.974033Z,8259,27,Idle Maneuver,65535,255,0,65535,
1788775897.9753444,2026-09-07T10:11:37.975344Z,8259,27,Idle Maneuver,65535,255,0,65535,
1788775898.0253434,2026-09-07T10:11:38.025343Z,8259,27,Idle Maneuver,65535,255,0,65535,
1788775898.075506,2026-09-07T10:11:38.075505Z,8259,27,Idle Maneuver,65535,255,0,65535,
1788775898.125384,2026-09-07T10:11:38.125384Z,8259,27,Idle Maneuver,65535,255,0,65535,
1788775898.175357,2026-09-07T10:11:38.175357Z,8259,27,Idle Maneuver,65535,255,0,65535,
1788775898.2252703,2026-09-07T10:11:38.225270Z,8259,27,Idle Maneuver,65535,255,0,65535,
1788775898.2756848,2026-09-07T10:11:38.275684Z,8259,27,Idle Maneuver,65535,255,0,65535,
1788775898.3238642,2026-09-07T10:11:38.323864Z,8259,27,Idle Maneuver,65535,255,0,65535,
1788775898.3254254,2026-09-07T10:11:38.325425Z,8259,27,Idle Maneuver,65535,255,0,65535,
1788775898.3754425,2026-09-07T10:11:38.375442Z,8259,27,Idle Maneuver,65535,255,0,65535,
1788775898.425393,2026-09-07T10:11:38.425393Z,8259,27,Idle Maneuver,65535,255,0,65535,
1788775898.475587,2026-09-07T10:11:38.475586Z,8259,27,Idle Maneuver,65535,255,0,65535,
1788775898.5254576,2026-09-07T10:11:38.525457Z,8259,27,Idle Maneuver,65535,255,0,65535,
1788775898.5754685,2026-09-07T10:11:38.575468Z,8259,27,Idle Maneuver,65535,255,0,65535,
1788775898.595931,2026-09-07T10:11:38.595931Z,8259,27,Idle Maneuver,65535,255,0,65535,
1788775898.6252277,2026-09-07T10:11:38.625227Z,8259,27,Idle Maneuver,65535,255,0,65535,
1788775898.6252913,2026-09-07T10:11:38.625291Z,8259,27,Idle Maneuver,65535,255,0,65535,
1788775898.6754906,2026-09-07T10:11:38.675490Z,8259,27,Idle Maneuver,65535,255,0,65535,
1788775898.7254033,2026-09-07T10:11:38.725403Z,8259,27,Idle Maneuver,65535,255,0,65535,
1788775898.775476,2026-09-07T10:11:38.775475Z,8259,27,Idle Maneuver,65535,255,0,65535,
1788775898.8253381,2026-09-07T10:11:38.825338Z,8259,27,Idle Maneuver,65535,255,0,65535,
1788775898.8756044,2026-09-07T10:11:38.875604Z,8259,27,Idle Maneuver,65535,255,0,65535,
1788775898.9257174,2026-09-07T10:11:38.925717Z,8259,27,Idle Maneuver,65535,255,0,65535,
1788775898.9740503,2026-09-07T10:11:38.974050Z,8259,27,Idle Maneuver,65535,255,0,65535,
1788775898.9755025,2026-09-07T10:11:38.975502Z,8259,27,Idle Maneuver,65535,255,0,65535,
1788775898.9820635,2026-09-07T10:11:38.982063Z,8259,27,Idle Maneuver,65535,255,0,65535,
1788775899.025358,2026-09-07T10:11:39.025357Z,8259,27,Idle Maneuver,65535,255,0,65535,
1788775899.0754926,2026-09-07T10:11:39.075492Z,8259,27,Idle Maneuver,65535,255,0,65535,
1788775899.1254077,2026-09-07T10:11:39.125407Z,8259,27,Idle Maneuver,65535,255,0,65535,
1788775899.1753206,2026-09-07T10:11:39.175320Z,8259,27,Idle Maneuver,65535,255,0,65535,
1788775899.2253006,2026-09-07T10:11:39.225300Z,8259,27,Idle Maneuver,65535,255,0,65535,
1788775899.275493,2026-09-07T10:11:39.275492Z,8259,27,Idle Maneuver,65535,255,0,65535,
1788775899.302748,2026-09-07T10:11:39.302747Z,8259,27,Idle Maneuver,65535,255,0,65535,
1788775899.3255801,2026-09-07T10:11:39.325580Z,8259,27,Idle Maneuver,65535,255,0,65535,
1788775899.3754613,2026-09-07T10:11:39.375461Z,8259,27,Idle Maneuver,65535,255,0,65535,
1788775899.4254875,2026-09-07T10:11:39.425487Z,8259,27,Idle Maneuver,65535,255,0,65535,
1788775899.4755154,2026-09-07T10:11:39.475515Z,8259,27,Idle Maneuver,65535,255,0,65535,
1788775899.4816797,2026-09-07T10:11:39.481679Z,8259,26,Multiplexer Maneuver,65535,255,3,0,stopped
1788775899.9815671,2026-09-07T10:11:39.981567Z,8259,26,Multiplexer Maneuver,65535,255,0,65535,in progress
1788775899.9820914,2026-09-07T10:11:39.982091Z,8259,28,Goto Maneuver,65535,255,0,110,
1788775901.0756426,2026-09-07T10:11:41.075642Z,8259,28,Goto Maneuver,65535,255,0,110,
1788775902.1254961,2026-09-07T10:11:42.125496Z,8259,28,Goto Maneuver,65535,255,0,110,
1788775903.2253497,2026-09-07T10:11:43.225349Z,8259,28,Goto Maneuver,65535,255,0,110,
1788775904.225392,2026-09-07T10:11:44.225392Z,8259,28,Goto Maneuver,65535,255,0,93,
1788775905.2755902,2026-09-07T10:11:45.275590Z,8259,28,Goto Maneuver,65535,255,0,72,
1788775906.3255253,2026-09-07T10:11:46.325525Z,8259,28,Goto Maneuver,65535,255,0,64,
1788775907.4254117,2026-09-07T10:11:47.425411Z,8259,28,Goto Maneuver,65535,255,0,60,
1788775908.475452,2026-09-07T10:11:48.475451Z,8259,28,Goto Maneuver,65535,255,0,58,
1788775909.4754472,2026-09-07T10:11:49.475447Z,8259,28,Goto Maneuver,65535,255,0,56,
1788775910.4755473,2026-09-07T10:11:50.475547Z,8259,28,Goto Maneuver,65535,255,0,54,
1788775911.5255542,2026-09-07T10:11:51.525554Z,8259,28,Goto Maneuver,65535,255,0,53,
1788775912.6253688,2026-09-07T10:11:52.625368Z,8259,28,Goto Maneuver,65535,255,0,49,
1788775913.6754668,2026-09-07T10:11:53.675466Z,8259,28,Goto Maneuver,65535,255,0,45,
1788775914.7255962,2026-09-07T10:11:54.725596Z,8259,28,Goto Maneuver,65535,255,0,44,
1788775915.7755437,2026-09-07T10:11:55.775543Z,8259,28,Goto Maneuver,65535,255,0,47,
1788775916.9255521,2026-09-07T10:11:56.925552Z,8259,28,Goto Maneuver,65535,255,0,46,
1788775918.0253344,2026-09-07T10:11:58.025334Z,8259,28,Goto Maneuver,65535,255,0,44,
1788775919.0755312,2026-09-07T10:11:59.075531Z,8259,28,Goto Maneuver,65535,255,0,44,
1788775920.0755653,2026-09-07T10:12:00.075565Z,8259,28,Goto Maneuver,65535,255,0,42,
1788775921.125372,2026-09-07T10:12:01.125371Z,8259,28,Goto Maneuver,65535,255,0,41,
1788775922.2254384,2026-09-07T10:12:02.225438Z,8259,28,Goto Maneuver,65535,255,0,40,
1788775923.2755618,2026-09-07T10:12:03.275561Z,8259,28,Goto Maneuver,65535,255,0,40,
1788775924.3257458,2026-09-07T10:12:04.325745Z,8259,28,Goto Maneuver,65535,255,0,40,
1788775925.3754616,2026-09-07T10:12:05.375461Z,8259,28,Goto Maneuver,65535,255,0,38,
1788775926.475601,2026-09-07T10:12:06.475600Z,8259,28,Goto Maneuver,65535,255,0,37,
1788775927.5755086,2026-09-07T10:12:07.575508Z,8259,28,Goto Maneuver,65535,255,0,36,
1788775928.6254363,2026-09-07T10:12:08.625436Z,8259,28,Goto Maneuver,65535,255,0,36,
1788775929.7255955,2026-09-07T10:12:09.725595Z,8259,28,Goto Maneuver,65535,255,0,34,
1788775930.7755814,2026-09-07T10:12:10.775581Z,8259,28,Goto Maneuver,65535,255,0,33,
1788775931.8756022,2026-09-07T10:12:11.875602Z,8259,28,Goto Maneuver,65535,255,0,32,
1788775932.9257333,2026-09-07T10:12:12.925733Z,8259,28,Goto Maneuver,65535,255,0,32,
1788775934.025413,2026-09-07T10:12:14.025413Z,8259,28,Goto Maneuver,65535,255,0,31,
1788775935.025459,2026-09-07T10:12:15.025459Z,8259,28,Goto Maneuver,65535,255,0,30,
1788775936.1255155,2026-09-07T10:12:16.125515Z,8259,28,Goto Maneuver,65535,255,0,29,
1788775937.2253134,2026-09-07T10:12:17.225313Z,8259,28,Goto Maneuver,65535,255,0,28,
1788775938.2754614,2026-09-07T10:12:18.275461Z,8259,28,Goto Maneuver,65535,255,0,28,
1788775939.27551,2026-09-07T10:12:19.275510Z,8259,28,Goto Maneuver,65535,255,0,26,
1788775940.3255293,2026-09-07T10:12:20.325529Z,8259,28,Goto Maneuver,65535,255,0,25,
1788775941.3257163,2026-09-07T10:12:21.325716Z,8259,28,Goto Maneuver,65535,255,0,25,
1788775942.425476,2026-09-07T10:12:22.425476Z,8259,28,Goto Maneuver,65535,255,0,25,
1788775943.5252998,2026-09-07T10:12:23.525299Z,8259,28,Goto Maneuver,65535,255,0,24,
1788775944.5255268,2026-09-07T10:12:24.525526Z,8259,28,Goto Maneuver,65535,255,0,23,
1788775945.6254265,2026-09-07T10:12:25.625426Z,8259,28,Goto Maneuver,65535,255,0,23,
1788775946.7254965,2026-09-07T10:12:26.725496Z,8259,28,Goto Maneuver,65535,255,0,22,
1788775947.8254876,2026-09-07T10:12:27.825487Z,8259,28,Goto Maneuver,65535,255,0,21,
1788775948.8256273,2026-09-07T10:12:28.825627Z,8259,28,Goto Maneuver,65535,255,0,21,
1788775949.8754656,2026-09-07T10:12:29.875465Z,8259,28,Goto Maneuver,65535,255,0,20,
1788775950.9254842,2026-09-07T10:12:30.925484Z,8259,28,Goto Maneuver,65535,255,0,20,
1788775951.9754984,2026-09-07T10:12:31.975498Z,8259,28,Goto Maneuver,65535,255,0,19,
1788775953.0253425,2026-09-07T10:12:33.025342Z,8259,28,Goto Maneuver,65535,255,0,18,
1788775954.0756397,2026-09-07T10:12:34.075639Z,8259,28,Goto Maneuver,65535,255,0,17,
1788775955.1254835,2026-09-07T10:12:35.125483Z,8259,28,Goto Maneuver,65535,255,0,16,
1788775956.225379,2026-09-07T10:12:36.225378Z,8259,28,Goto Maneuver,65535,255,0,15,
1788775957.32558,2026-09-07T10:12:37.325579Z,8259,28,Goto Maneuver,65535,255,0,13,
1788775958.3755488,2026-09-07T10:12:38.375548Z,8259,28,Goto Maneuver,65535,255,0,12,
1788775959.4757257,2026-09-07T10:12:39.475725Z,8259,28,Goto Maneuver,65535,255,0,11,
1788775960.5755413,2026-09-07T10:12:40.575541Z,8259,28,Goto Maneuver,65535,255,0,10,
1788775961.5755177,2026-09-07T10:12:41.575517Z,8259,28,Goto Maneuver,65535,255,0,9,
1788775962.625497,2026-09-07T10:12:42.625497Z,8259,28,Goto Maneuver,65535,255,0,8,
1788775963.6753805,2026-09-07T10:12:43.675380Z,8259,28,Goto Maneuver,65535,255,0,7,
1788775964.6757216,2026-09-07T10:12:44.675721Z,8259,28,Goto Maneuver,65535,255,0,6,
1788775965.7255468,2026-09-07T10:12:45.725546Z,8259,28,Goto Maneuver,65535,255,0,5,
1788775966.82548,2026-09-07T10:12:46.825479Z,8259,28,Goto Maneuver,65535,255,0,4,
1788775967.9255006,2026-09-07T10:12:47.925500Z,8259,28,Goto Maneuver,65535,255,0,2,
1788775968.9754367,2026-09-07T10:12:48.975436Z,8259,28,Goto Maneuver,65535,255,0,1,
1788775970.0755835,2026-09-07T10:12:50.075583Z,8259,28,Goto Maneuver,65535,255,0,0,
1788775970.3257508,2026-09-07T10:12:50.325750Z,8259,26,Multiplexer Maneuver,65535,255,1,0,done
1788775970.9815798,2026-09-07T10:12:50.981579Z,8259,26,Multiplexer Maneuver,65535,255,0,65535,in progress
1788775970.9818747,2026-09-07T10:12:50.981874Z,8259,28,Goto Maneuver,65535,255,0,144,
1788775972.0256906,2026-09-07T10:12:52.025690Z,8259,28,Goto Maneuver,65535,255,0,142,
1788775973.0757158,2026-09-07T10:12:53.075715Z,8259,28,Goto Maneuver,65535,255,0,144,
1788775974.2253177,2026-09-07T10:12:54.225317Z,8259,28,Goto Maneuver,65535,255,0,144,
1788775975.275379,2026-09-07T10:12:55.275378Z,8259,28,Goto Maneuver,65535,255,0,144,
1788775976.3254907,2026-09-07T10:12:56.325490Z,8259,28,Goto Maneuver,65535,255,0,150,
1788775977.3755999,2026-09-07T10:12:57.375599Z,8259,28,Goto Maneuver,65535,255,0,147,
1788775978.4755478,2026-09-07T10:12:58.475547Z,8259,28,Goto Maneuver,65535,255,0,147,
1788775979.5756226,2026-09-07T10:12:59.575622Z,8259,28,Goto Maneuver,65535,255,0,144,
1788775980.5755975,2026-09-07T10:13:00.575597Z,8259,28,Goto Maneuver,65535,255,0,138,
1788775981.6257849,2026-09-07T10:13:01.625784Z,8259,28,Goto Maneuver,65535,255,0,134,
1788775982.7755036,2026-09-07T10:13:02.775503Z,8259,28,Goto Maneuver,65535,255,0,133,
1788775983.825544,2026-09-07T10:13:03.825544Z,8259,28,Goto Maneuver,65535,255,0,130,
1788775984.925494,2026-09-07T10:13:04.925493Z,8259,28,Goto Maneuver,65535,255,0,127,
1788775986.0255647,2026-09-07T10:13:06.025564Z,8259,28,Goto Maneuver,65535,255,0,126,
1788775987.075511,2026-09-07T10:13:07.075510Z,8259,28,Goto Maneuver,65535,255,0,125,
1788775988.1254892,2026-09-07T10:13:08.125489Z,8259,28,Goto Maneuver,65535,255,0,122,
1788775989.2252944,2026-09-07T10:13:09.225294Z,8259,28,Goto Maneuver,65535,255,0,125,
1788775990.2753701,2026-09-07T10:13:10.275370Z,8259,28,Goto Maneuver,65535,255,0,125,
1788775991.3255165,2026-09-07T10:13:11.325516Z,8259,28,Goto Maneuver,65535,255,0,123,
1788775992.3256156,2026-09-07T10:13:12.325615Z,8259,28,Goto Maneuver,65535,255,0,126,
1788775993.4255073,2026-09-07T10:13:13.425507Z,8259,28,Goto Maneuver,65535,255,0,124,
1788775994.525589,2026-09-07T10:13:14.525588Z,8259,28,Goto Maneuver,65535,255,0,121,
1788775995.5754805,2026-09-07T10:13:15.575480Z,8259,28,Goto Maneuver,65535,255,0,119,
1788775996.6754441,2026-09-07T10:13:16.675444Z,8259,28,Goto Maneuver,65535,255,0,120,
1788775997.7254307,2026-09-07T10:13:17.725430Z,8259,28,Goto Maneuver,65535,255,0,120,
1788775998.775412,2026-09-07T10:13:18.775412Z,8259,28,Goto Maneuver,65535,255,0,115,
1788775999.8254628,2026-09-07T10:13:19.825462Z,8259,28,Goto Maneuver,65535,255,0,112,
1788776000.9255745,2026-09-07T10:13:20.925574Z,8259,28,Goto Maneuver,65535,255,0,115,
1788776002.0754733,2026-09-07T10:13:22.075473Z,8259,28,Goto Maneuver,65535,255,0,113,
1788776003.1254313,2026-09-07T10:13:23.125431Z,8259,28,Goto Maneuver,65535,255,0,112,
1788776004.2252994,2026-09-07T10:13:24.225299Z,8259,28,Goto Maneuver,65535,255,0,112,
1788776005.2253337,2026-09-07T10:13:25.225333Z,8259,28,Goto Maneuver,65535,255,0,111,
1788776006.2754228,2026-09-07T10:13:26.275422Z,8259,28,Goto Maneuver,65535,255,0,110,
1788776007.2754767,2026-09-07T10:13:27.275476Z,8259,28,Goto Maneuver,65535,255,0,107,
1788776008.3254933,2026-09-07T10:13:28.325493Z,8259,28,Goto Maneuver,65535,255,0,105,
1788776009.4255095,2026-09-07T10:13:29.425509Z,8259,28,Goto Maneuver,65535,255,0,107,
1788776010.425596,2026-09-07T10:13:30.425595Z,8259,28,Goto Maneuver,65535,255,0,105,
1788776011.475514,2026-09-07T10:13:31.475513Z,8259,28,Goto Maneuver,65535,255,0,102,
1788776012.6255486,2026-09-07T10:13:32.625548Z,8259,28,Goto Maneuver,65535,255,0,101,
1788776013.6755054,2026-09-07T10:13:33.675505Z,8259,28,Goto Maneuver,65535,255,0,98,
1788776014.7255454,2026-09-07T10:13:34.725545Z,8259,28,Goto Maneuver,65535,255,0,100,
1788776015.775369,2026-09-07T10:13:35.775368Z,8259,28,Goto Maneuver,65535,255,0,98,
1788776016.775404,2026-09-07T10:13:36.775403Z,8259,28,Goto Maneuver,65535,255,0,97,
1788776017.775638,2026-09-07T10:13:37.775638Z,8259,28,Goto Maneuver,65535,255,0,96,
1788776018.8256662,2026-09-07T10:13:38.825666Z,8259,28,Goto Maneuver,65535,255,0,97,
1788776019.8754838,2026-09-07T10:13:39.875483Z,8259,28,Goto Maneuver,65535,255,0,95,
1788776020.9754312,2026-09-07T10:13:40.975431Z,8259,28,Goto Maneuver,65535,255,0,93,
1788776022.0255797,2026-09-07T10:13:42.025579Z,8259,28,Goto Maneuver,65535,255,0,93,
1788776023.1753235,2026-09-07T10:13:43.175323Z,8259,28,Goto Maneuver,65535,255,0,91,
1788776024.2252882,2026-09-07T10:13:44.225288Z,8259,28,Goto Maneuver,65535,255,0,90,
1788776025.2253547,2026-09-07T10:13:45.225354Z,8259,28,Goto Maneuver,65535,255,0,90,
1788776026.325521,2026-09-07T10:13:46.325520Z,8259,28,Goto Maneuver,65535,255,0,88,
1788776027.325535,2026-09-07T10:13:47.325535Z,8259,28,Goto Maneuver,65535,255,0,85,
1788776028.3254833,2026-09-07T10:13:48.325483Z,8259,28,Goto Maneuver,65535,255,0,86,
1788776029.4255762,2026-09-07T10:13:49.425576Z,8259,28,Goto Maneuver,65535,255,0,85,
1788776030.4755185,2026-09-07T10:13:50.475518Z,8259,28,Goto Maneuver,65535,255,0,83,
1788776031.5755446,2026-09-07T10:13:51.575544Z,8259,28,Goto Maneuver,65535,255,0,82,
1788776032.6755638,2026-09-07T10:13:52.675563Z,8259,28,Goto Maneuver,65535,255,0,81,
1788776033.7754376,2026-09-07T10:13:53.775437Z,8259,28,Goto Maneuver,65535,255,0,80,
1788776034.8254871,2026-09-07T10:13:54.825487Z,8259,28,Goto Maneuver,65535,255,0,80,
1788776035.9255135,2026-09-07T10:13:55.925513Z,8259,28,Goto Maneuver,65535,255,0,78,
1788776036.97554,2026-09-07T10:13:56.975539Z,8259,28,Goto Maneuver,65535,255,0,76,
1788776038.0755088,2026-09-07T10:13:58.075508Z,8259,28,Goto Maneuver,65535,255,0,75,
1788776039.1753712,2026-09-07T10:13:59.175371Z,8259,28,Goto Maneuver,65535,255,0,75,
1788776040.1753864,2026-09-07T10:14:00.175386Z,8259,28,Goto Maneuver,65535,255,0,74,
1788776041.2253914,2026-09-07T10:14:01.225391Z,8259,28,Goto Maneuver,65535,255,0,72,
1788776042.2756822,2026-09-07T10:14:02.275682Z,8259,28,Goto Maneuver,65535,255,0,71,
1788776043.3255632,2026-09-07T10:14:03.325563Z,8259,28,Goto Maneuver,65535,255,0,70,
1788776044.4255686,2026-09-07T10:14:04.425568Z,8259,28,Goto Maneuver,65535,255,0,69,
1788776045.4754722,2026-09-07T10:14:05.475472Z,8259,28,Goto Maneuver,65535,255,0,68,
1788776046.5254817,2026-09-07T10:14:06.525481Z,8259,28,Goto Maneuver,65535,255,0,66,
1788776047.5254402,2026-09-07T10:14:07.525440Z,8259,28,Goto Maneuver,65535,255,0,66,
1788776048.625362,2026-09-07T10:14:08.625361Z,8259,28,Goto Maneuver,65535,255,0,65,
1788776049.6755223,2026-09-07T10:14:09.675522Z,8259,28,Goto Maneuver,65535,255,0,63,
1788776050.725559,2026-09-07T10:14:10.725558Z,8259,28,Goto Maneuver,65535,255,0,63,
1788776051.8754294,2026-09-07T10:14:11.875429Z,8259,28,Goto Maneuver,65535,255,0,62,
1788776052.9256523,2026-09-07T10:14:12.925652Z,8259,28,Goto Maneuver,65535,255,0,60,
1788776053.9256396,2026-09-07T10:14:13.925639Z,8259,28,Goto Maneuver,65535,255,0,59,
1788776055.0254974,2026-09-07T10:14:15.025497Z,8259,28,Goto Maneuver,65535,255,0,59,
1788776056.0755513,2026-09-07T10:14:16.075551Z,8259,28,Goto Maneuver,65535,255,0,56,
1788776057.1753447,2026-09-07T10:14:17.175344Z,8259,28,Goto Maneuver,65535,255,0,56,
1788776058.2758925,2026-09-07T10:14:18.275892Z,8259,28,Goto Maneuver,65535,255,0,55,
1788776059.3255148,2026-09-07T10:14:19.325514Z,8259,28,Goto Maneuver,65535,255,0,54,
1788776060.425459,2026-09-07T10:14:20.425458Z,8259,28,Goto Maneuver,65535,255,0,53,
1788776061.4758322,2026-09-07T10:14:21.475832Z,8259,28,Goto Maneuver,65535,255,0,51,
1788776062.5755422,2026-09-07T10:14:22.575542Z,8259,28,Goto Maneuver,65535,255,0,51,
1788776063.6255667,2026-09-07T10:14:23.625566Z,8259,28,Goto Maneuver,65535,255,0,50,
1788776064.725448,2026-09-07T10:14:24.725447Z,8259,28,Goto Maneuver,65535,255,0,49,
1788776065.7756193,2026-09-07T10:14:25.775619Z,8259,28,Goto Maneuver,65535,255,0,48,
1788776066.9256017,2026-09-07T10:14:26.925601Z,8259,28,Goto Maneuver,65535,255,0,47,
1788776067.9754546,2026-09-07T10:14:27.975454Z,8259,28,Goto Maneuver,65535,255,0,45,
1788776069.0256615,2026-09-07T10:14:29.025661Z,8259,28,Goto Maneuver,65535,255,0,44,
1788776070.0255725,2026-09-07T10:14:30.025572Z,8259,28,Goto Maneuver,65535,255,0,42,
1788776071.1254656,2026-09-07T10:14:31.125465Z,8259,28,Goto Maneuver,65535,255,0,42,
1788776072.175298,2026-09-07T10:14:32.175297Z,8259,28,Goto Maneuver,65535,255,0,41,
1788776073.225384,2026-09-07T10:14:33.225383Z,8259,28,Goto Maneuver,65535,255,0,38,
1788776074.2254097,2026-09-07T10:14:34.225409Z,8259,28,Goto Maneuver,65535,255,0,38,
1788776075.3254502,2026-09-07T10:14:35.325450Z,8259,28,Goto Maneuver,65535,255,0,38,
1788776076.3254807,2026-09-07T10:14:36.325480Z,8259,28,Goto Maneuver,65535,255,0,37,
1788776077.4256365,2026-09-07T10:14:37.425636Z,8259,28,Goto Maneuver,65535,255,0,36,
1788776078.4755127,2026-09-07T10:14:38.475512Z,8259,28,Goto Maneuver,65535,255,0,35,
1788776079.5254366,2026-09-07T10:14:39.525436Z,8259,28,Goto Maneuver,65535,255,0,34,
1788776080.5256004,2026-09-07T10:14:40.525600Z,8259,28,Goto Maneuver,65535,255,0,34,
1788776081.5757315,2026-09-07T10:14:41.575731Z,8259,28,Goto Maneuver,65535,255,0,32,
1788776082.6757689,2026-09-07T10:14:42.675768Z,8259,28,Goto Maneuver,65535,255,0,31,
1788776083.6758702,2026-09-07T10:14:43.675870Z,8259,28,Goto Maneuver,65535,255,0,30,
1788776084.8255255,2026-09-07T10:14:44.825525Z,8259,28,Goto Maneuver,65535,255,0,29,
1788776085.9254875,2026-09-07T10:14:45.925487Z,8259,28,Goto Maneuver,65535,255,0,27,
1788776087.0755134,2026-09-07T10:14:47.075513Z,8259,28,Goto Maneuver,65535,255,0,26,
1788776088.225278,2026-09-07T10:14:48.225277Z,8259,28,Goto Maneuver,65535,255,0,25,
1788776089.275501,2026-09-07T10:14:49.275501Z,8259,28,Goto Maneuver,65535,255,0,24,
1788776090.3256261,2026-09-07T10:14:50.325626Z,8259,28,Goto Maneuver,65535,255,0,23,
1788776091.3756928,2026-09-07T10:14:51.375692Z,8259,28,Goto Maneuver,65535,255,0,22,
1788776092.5255034,2026-09-07T10:14:52.525503Z,8259,28,Goto Maneuver,65535,255,0,21,
1788776093.625514,2026-09-07T10:14:53.625514Z,8259,28,Goto Maneuver,65535,255,0,20,
1788776094.6257164,2026-09-07T10:14:54.625716Z,8259,28,Goto Maneuver,65535,255,0,20,
1788776095.6757677,2026-09-07T10:14:55.675767Z,8259,28,Goto Maneuver,65535,255,0,18,
1788776096.8253286,2026-09-07T10:14:56.825328Z,8259,28,Goto Maneuver,65535,255,0,17,
1788776097.875631,2026-09-07T10:14:57.875631Z,8259,28,Goto Maneuver,65535,255,0,16,
1788776098.875787,2026-09-07T10:14:58.875787Z,8259,28,Goto Maneuver,65535,255,0,15,
1788776099.9254823,2026-09-07T10:14:59.925482Z,8259,28,Goto Maneuver,65535,255,0,14,
1788776101.0254471,2026-09-07T10:15:01.025447Z,8259,28,Goto Maneuver,65535,255,0,13,
1788776102.0757089,2026-09-07T10:15:02.075708Z,8259,28,Goto Maneuver,65535,255,0,12,
1788776103.2252812,2026-09-07T10:15:03.225281Z,8259,28,Goto Maneuver,65535,255,0,11,
1788776104.2755628,2026-09-07T10:15:04.275562Z,8259,28,Goto Maneuver,65535,255,0,9,
1788776105.325488,2026-09-07T10:15:05.325488Z,8259,28,Goto Maneuver,65535,255,0,8,
1788776106.4255111,2026-09-07T10:15:06.425511Z,8259,28,Goto Maneuver,65535,255,0,7,
1788776107.4254963,2026-09-07T10:15:07.425496Z,8259,28,Goto Maneuver,65535,255,0,6,
1788776108.5255446,2026-09-07T10:15:08.525544Z,8259,28,Goto Maneuver,65535,255,0,5,
1788776109.5256298,2026-09-07T10:15:09.525629Z,8259,28,Goto Maneuver,65535,255,0,4,
1788776110.6755943,2026-09-07T10:15:10.675594Z,8259,28,Goto Maneuver,65535,255,0,3,
1788776111.6757286,2026-09-07T10:15:11.675728Z,8259,28,Goto Maneuver,65535,255,0,2,
1788776112.8254333,2026-09-07T10:15:12.825433Z,8259,28,Goto Maneuver,65535,255,0,1,
1788776113.7755783,2026-09-07T10:15:13.775578Z,8259,26,Multiplexer Maneuver,65535,255,1,0,done
1788776114.4817202,2026-09-07T10:15:14.481720Z,8259,26,Multiplexer Maneuver,65535,255,0,65535,in progress
1788776114.4819508,2026-09-07T10:15:14.481950Z,8259,28,Goto Maneuver,65535,255,0,63,
1788776115.525564,2026-09-07T10:15:15.525563Z,8259,28,Goto Maneuver,65535,255,0,64,
1788776116.6755486,2026-09-07T10:15:16.675548Z,8259,28,Goto Maneuver,65535,255,0,70,
1788776117.7255616,2026-09-07T10:15:17.725561Z,8259,28,Goto Maneuver,65535,255,0,75,
1788776118.875542,2026-09-07T10:15:18.875541Z,8259,28,Goto Maneuver,65535,255,0,77,
1788776119.925632,2026-09-07T10:15:19.925632Z,8259,28,Goto Maneuver,65535,255,0,74,
1788776120.9255025,2026-09-07T10:15:20.925502Z,8259,28,Goto Maneuver,65535,255,0,74,
1788776122.0754912,2026-09-07T10:15:22.075491Z,8259,28,Goto Maneuver,65535,255,0,74,
1788776123.075722,2026-09-07T10:15:23.075721Z,8259,28,Goto Maneuver,65535,255,0,72,
1788776124.1255193,2026-09-07T10:15:24.125519Z,8259,28,Goto Maneuver,65535,255,0,76,
1788776125.2754915,2026-09-07T10:15:25.275491Z,8259,28,Goto Maneuver,65535,255,0,75,
1788776126.275524,2026-09-07T10:15:26.275523Z,8259,28,Goto Maneuver,65535,255,0,72,
1788776127.325549,2026-09-07T10:15:27.325548Z,8259,28,Goto Maneuver,65535,255,0,72,
1788776128.4254751,2026-09-07T10:15:28.425475Z,8259,28,Goto Maneuver,65535,255,0,71,
1788776129.5255134,2026-09-07T10:15:29.525513Z,8259,28,Goto Maneuver,65535,255,0,68,
1788776130.5255978,2026-09-07T10:15:30.525597Z,8259,28,Goto Maneuver,65535,255,0,68,
1788776131.575335,2026-09-07T10:15:31.575335Z,8259,28,Goto Maneuver,65535,255,0,64,
1788776132.6253648,2026-09-07T10:15:32.625364Z,8259,28,Goto Maneuver,65535,255,0,62,
1788776133.6254277,2026-09-07T10:15:33.625427Z,8259,28,Goto Maneuver,65535,255,0,57,
1788776134.675657,2026-09-07T10:15:34.675657Z,8259,28,Goto Maneuver,65535,255,0,53,
1788776135.7255216,2026-09-07T10:15:35.725521Z,8259,28,Goto Maneuver,65535,255,0,53,
1788776136.8255053,2026-09-07T10:15:36.825505Z,8259,28,Goto Maneuver,65535,255,0,51,
1788776137.875686,2026-09-07T10:15:37.875685Z,8259,28,Goto Maneuver,65535,255,0,51,
1788776138.9255588,2026-09-07T10:15:38.925558Z,8259,28,Goto Maneuver,65535,255,0,50,
1788776140.0253494,2026-09-07T10:15:40.025349Z,8259,28,Goto Maneuver,65535,255,0,50,
1788776141.0754693,2026-09-07T10:15:41.075469Z,8259,28,Goto Maneuver,65535,255,0,49,
1788776142.1254938,2026-09-07T10:15:42.125493Z,8259,28,Goto Maneuver,65535,255,0,47,
1788776143.2252915,2026-09-07T10:15:43.225291Z,8259,28,Goto Maneuver,65535,255,0,44,
1788776144.2754428,2026-09-07T10:15:44.275442Z,8259,28,Goto Maneuver,65535,255,0,42,
1788776145.32568,2026-09-07T10:15:45.325680Z,8259,28,Goto Maneuver,65535,255,0,41,
1788776146.4756558,2026-09-07T10:15:46.475655Z,8259,28,Goto Maneuver,65535,255,0,38,
1788776147.5256968,2026-09-07T10:15:47.525696Z,8259,28,Goto Maneuver,65535,255,0,36,
1788776148.525693,2026-09-07T10:15:48.525692Z,8259,28,Goto Maneuver,65535,255,0,35,
1788776149.5755138,2026-09-07T10:15:49.575513Z,8259,28,Goto Maneuver,65535,255,0,34,
1788776150.6254544,2026-09-07T10:15:50.625454Z,8259,28,Goto Maneuver,65535,255,0,33,
1788776151.675442,2026-09-07T10:15:51.675441Z,8259,28,Goto Maneuver,65535,255,0,32,
1788776152.7256634,2026-09-07T10:15:52.725663Z,8259,28,Goto Maneuver,65535,255,0,31,
1788776153.7756484,2026-09-07T10:15:53.775648Z,8259,28,Goto Maneuver,65535,255,0,30,
1788776154.8754926,2026-09-07T10:15:54.875492Z,8259,28,Goto Maneuver,65535,255,0,29,
1788776155.8755624,2026-09-07T10:15:55.875562Z,8259,28,Goto Maneuver,65535,255,0,28,
1788776156.9255178,2026-09-07T10:15:56.925517Z,8259,28,Goto Maneuver,65535,255,0,27,
1788776158.0254557,2026-09-07T10:15:58.025455Z,8259,28,Goto Maneuver,65535,255,0,26,
1788776159.075672,2026-09-07T10:15:59.075671Z,8259,28,Goto Maneuver,65535,255,0,26,
1788776160.1255834,2026-09-07T10:16:00.125583Z,8259,28,Goto Maneuver,65535,255,0,25,
1788776161.2254062,2026-09-07T10:16:01.225406Z,8259,28,Goto Maneuver,65535,255,0,24,
1788776162.2754636,2026-09-07T10:16:02.275463Z,8259,28,Goto Maneuver,65535,255,0,22,
1788776163.3255901,2026-09-07T10:16:03.325590Z,8259,28,Goto Maneuver,65535,255,0,22,
1788776164.3755872,2026-09-07T10:16:04.375587Z,8259,28,Goto Maneuver,65535,255,0,21,
1788776165.4754524,2026-09-07T10:16:05.475452Z,8259,28,Goto Maneuver,65535,255,0,20,
1788776166.4755871,2026-09-07T10:16:06.475587Z,8259,28,Goto Maneuver,65535,255,0,19,
1788776167.475499,2026-09-07T10:16:07.475498Z,8259,28,Goto Maneuver,65535,255,0,18,
1788776168.4755497,2026-09-07T10:16:08.475549Z,8259,28,Goto Maneuver,65535,255,0,17,
1788776169.6255279,2026-09-07T10:16:09.625527Z,8259,28,Goto Maneuver,65535,255,0,17,
1788776170.6758525,2026-09-07T10:16:10.675852Z,8259,28,Goto Maneuver,65535,255,0,16,
1788776171.7256222,2026-09-07T10:16:11.725622Z,8259,28,Goto Maneuver,65535,255,0,15,
1788776172.7256238,2026-09-07T10:16:12.725623Z,8259,28,Goto Maneuver,65535,255,0,15,
1788776173.8254385,2026-09-07T10:16:13.825438Z,8259,28,Goto Maneuver,65535,255,0,14,
1788776174.8756065,2026-09-07T10:16:14.875606Z,8259,28,Goto Maneuver,65535,255,0,13,
1788776175.9256082,2026-09-07T10:16:15.925608Z,8259,28,Goto Maneuver,65535,255,0,12,
1788776177.0254586,2026-09-07T10:16:17.025458Z,8259,28,Goto Maneuver,65535,255,0,11,
1788776178.1254396,2026-09-07T10:16:18.125439Z,8259,28,Goto Maneuver,65535,255,0,11,
1788776179.1254625,2026-09-07T10:16:19.125462Z,8259,28,Goto Maneuver,65535,255,0,10,
1788776180.2253106,2026-09-07T10:16:20.225310Z,8259,28,Goto Maneuver,65535,255,0,9,
1788776181.2757049,2026-09-07T10:16:21.275704Z,8259,28,Goto Maneuver,65535,255,0,8,
1788776182.325618,2026-09-07T10:16:22.325618Z,8259,28,Goto Maneuver,65535,255,0,7,
1788776183.375586,2026-09-07T10:16:23.375586Z,8259,28,Goto Maneuver,65535,255,0,5,
1788776184.4755542,2026-09-07T10:16:24.475554Z,8259,28,Goto Maneuver,65535,255,0,4,
1788776185.625373,2026-09-07T10:16:25.625372Z,8259,28,Goto Maneuver,65535,255,0,3,
1788776186.6755152,2026-09-07T10:16:26.675515Z,8259,28,Goto Maneuver,65535,255,0,2,
1788776187.725559,2026-09-07T10:16:27.725558Z,8259,28,Goto Maneuver,65535,255,0,1,
1788776188.6757727,2026-09-07T10:16:28.675772Z,8259,26,Multiplexer Maneuver,65535,255,1,0,done
1788776189.4816883,2026-09-07T10:16:29.481688Z,8259,26,Multiplexer Maneuver,65535,255,0,65535,in progress
1788776189.4822102,2026-09-07T10:16:29.482210Z,8259,28,Goto Maneuver,65535,255,0,130,
1788776190.5255654,2026-09-07T10:16:30.525565Z,8259,28,Goto Maneuver,65535,255,0,134,
1788776191.5757143,2026-09-07T10:16:31.575714Z,8259,28,Goto Maneuver,65535,255,0,146,
1788776192.6756227,2026-09-07T10:16:32.675622Z,8259,28,Goto Maneuver,65535,255,0,149,
1788776193.7254906,2026-09-07T10:16:33.725490Z,8259,28,Goto Maneuver,65535,255,0,153,
1788776194.825565,2026-09-07T10:16:34.825565Z,8259,28,Goto Maneuver,65535,255,0,149,
1788776195.8756835,2026-09-07T10:16:35.875683Z,8259,28,Goto Maneuver,65535,255,0,146,
1788776196.9254649,2026-09-07T10:16:36.925464Z,8259,28,Goto Maneuver,65535,255,0,145,
1788776198.0253613,2026-09-07T10:16:38.025361Z,8259,28,Goto Maneuver,65535,255,0,140,
1788776199.1753268,2026-09-07T10:16:39.175326Z,8259,28,Goto Maneuver,65535,255,0,140,
1788776200.2252827,2026-09-07T10:16:40.225282Z,8259,28,Goto Maneuver,65535,255,0,141,
1788776201.2253385,2026-09-07T10:16:41.225338Z,8259,28,Goto Maneuver,65535,255,0,137,
1788776202.2754881,2026-09-07T10:16:42.275488Z,8259,28,Goto Maneuver,65535,255,0,134,
1788776203.3256571,2026-09-07T10:16:43.325657Z,8259,28,Goto Maneuver,65535,255,0,133,
1788776204.475622,2026-09-07T10:16:44.475621Z,8259,28,Goto Maneuver,65535,255,0,132,
1788776205.5256035,2026-09-07T10:16:45.525603Z,8259,28,Goto Maneuver,65535,255,0,129,
1788776206.5755897,2026-09-07T10:16:46.575589Z,8259,28,Goto Maneuver,65535,255,0,126,
1788776207.6254048,2026-09-07T10:16:47.625404Z,8259,28,Goto Maneuver,65535,255,0,120,
1788776208.7255363,2026-09-07T10:16:48.725536Z,8259,28,Goto Maneuver,65535,255,0,113,
1788776209.8253624,2026-09-07T10:16:49.825362Z,8259,28,Goto Maneuver,65535,255,0,108,
1788776210.8756793,2026-09-07T10:16:50.875679Z,8259,28,Goto Maneuver,65535,255,0,104,
1788776211.8758588,2026-09-07T10:16:51.875858Z,8259,28,Goto Maneuver,65535,255,0,103,
1788776212.9254274,2026-09-07T10:16:52.925427Z,8259,28,Goto Maneuver,65535,255,0,105,
1788776213.9256039,2026-09-07T10:16:53.925603Z,8259,28,Goto Maneuver,65535,255,0,104,
1788776215.0253932,2026-09-07T10:16:55.025393Z,8259,28,Goto Maneuver,65535,255,0,101,
1788776216.0755305,2026-09-07T10:16:56.075530Z,8259,28,Goto Maneuver,65535,255,0,103,
1788776217.1753547,2026-09-07T10:16:57.175354Z,8259,28,Goto Maneuver,65535,255,0,103,
1788776218.2758605,2026-09-07T10:16:58.275860Z,8259,28,Goto Maneuver,65535,255,0,101,
1788776219.3256443,2026-09-07T10:16:59.325644Z,8259,28,Goto Maneuver,65535,255,0,101,
1788776220.425338,2026-09-07T10:17:00.425338Z,8259,28,Goto Maneuver,65535,255,0,100,
1788776221.475532,2026-09-07T10:17:01.475532Z,8259,28,Goto Maneuver,65535,255,0,100,
1788776222.5754454,2026-09-07T10:17:02.575445Z,8259,28,Goto Maneuver,65535,255,0,96,
1788776223.62534,2026-09-07T10:17:03.625339Z,8259,28,Goto Maneuver,65535,255,0,94,
1788776224.67564,2026-09-07T10:17:04.675640Z,8259,28,Goto Maneuver,65535,255,0,93,
1788776225.8254128,2026-09-07T10:17:05.825412Z,8259,28,Goto Maneuver,65535,255,0,92,
1788776226.9255245,2026-09-07T10:17:06.925524Z,8259,28,Goto Maneuver,65535,255,0,90,
1788776227.9754696,2026-09-07T10:17:07.975469Z,8259,28,Goto Maneuver,65535,255,0,88,
1788776229.025455,2026-09-07T10:17:09.025454Z,8259,28,Goto Maneuver,65535,255,0,88,
1788776230.0255048,2026-09-07T10:17:10.025504Z,8259,28,Goto Maneuver,65535,255,0,87,
1788776231.1753345,2026-09-07T10:17:11.175334Z,8259,28,Goto Maneuver,65535,255,0,85,
1788776232.2757974,2026-09-07T10:17:12.275797Z,8259,28,Goto Maneuver,65535,255,0,86,
1788776233.275722,2026-09-07T10:17:13.275722Z,8259,28,Goto Maneuver,65535,255,0,85,
1788776234.3254993,2026-09-07T10:17:14.325499Z,8259,28,Goto Maneuver,65535,255,0,85,
1788776235.4252965,2026-09-07T10:17:15.425296Z,8259,28,Goto Maneuver,65535,255,0,83,
1788776236.525531,2026-09-07T10:17:16.525531Z,8259,28,Goto Maneuver,65535,255,0,84,
1788776237.625416,2026-09-07T10:17:17.625416Z,8259,28,Goto Maneuver,65535,255,0,83,
1788776238.675524,2026-09-07T10:17:18.675523Z,8259,28,Goto Maneuver,65535,255,0,83,
1788776239.7253804,2026-09-07T10:17:19.725380Z,8259,28,Goto Maneuver,65535,255,0,82,
1788776240.8255072,2026-09-07T10:17:20.825507Z,8259,28,Goto Maneuver,65535,255,0,83,
1788776241.8756344,2026-09-07T10:17:21.875634Z,8259,28,Goto Maneuver,65535,255,0,83,
1788776242.9254959,2026-09-07T10:17:22.925495Z,8259,28,Goto Maneuver,65535,255,0,82,
1788776243.9755566,2026-09-07T10:17:23.975556Z,8259,28,Goto Maneuver,65535,255,0,82,
1788776245.0754156,2026-09-07T10:17:25.075415Z,8259,28,Goto Maneuver,65535,255,0,82,
1788776246.075517,2026-09-07T10:17:26.075516Z,8259,28,Goto Maneuver,65535,255,0,81,
1788776247.1753447,2026-09-07T10:17:27.175344Z,8259,28,Goto Maneuver,65535,255,0,78,
1788776248.2252793,2026-09-07T10:17:28.225279Z,8259,28,Goto Maneuver,65535,255,0,78,
1788776249.2755613,2026-09-07T10:17:29.275561Z,8259,28,Goto Maneuver,65535,255,0,77,
1788776250.3253996,2026-09-07T10:17:30.325399Z,8259,28,Goto Maneuver,65535,255,0,77,
1788776251.325554,2026-09-07T10:17:31.325553Z,8259,28,Goto Maneuver,65535,255,0,76,
1788776252.425337,2026-09-07T10:17:32.425337Z,8259,28,Goto Maneuver,65535,255,0,75,
1788776253.4757643,2026-09-07T10:17:33.475764Z,8259,28,Goto Maneuver,65535,255,0,72,
1788776254.5755682,2026-09-07T10:17:34.575568Z,8259,28,Goto Maneuver,65535,255,0,72,
1788776255.5756242,2026-09-07T10:17:35.575624Z,8259,28,Goto Maneuver,65535,255,0,72,
1788776256.6755617,2026-09-07T10:17:36.675561Z,8259,28,Goto Maneuver,65535,255,0,70,
1788776257.725422,2026-09-07T10:17:37.725421Z,8259,28,Goto Maneuver,65535,255,0,68,
1788776258.82535,2026-09-07T10:17:38.825350Z,8259,28,Goto Maneuver,65535,255,0,68,
1788776259.8755774,2026-09-07T10:17:39.875577Z,8259,28,Goto Maneuver,65535,255,0,67,
1788776260.9255471,2026-09-07T10:17:40.925547Z,8259,28,Goto Maneuver,65535,255,0,65,
1788776262.0253572,2026-09-07T10:17:42.025357Z,8259,28,Goto Maneuver,65535,255,0,65,
1788776263.0755277,2026-09-07T10:17:43.075527Z,8259,28,Goto Maneuver,65535,255,0,64,
1788776264.2253919,2026-09-07T10:17:44.225391Z,8259,28,Goto Maneuver,65535,255,0,62,
1788776265.2754922,2026-09-07T10:17:45.275492Z,8259,28,Goto Maneuver,65535,255,0,61,
1788776266.325496,2026-09-07T10:17:46.325495Z,8259,28,Goto Maneuver,65535,255,0,59,
1788776267.3254664,2026-09-07T10:17:47.325466Z,8259,28,Goto Maneuver,65535,255,0,59,
1788776268.4755254,2026-09-07T10:17:48.475525Z,8259,28,Goto Maneuver,65535,255,0,58,
1788776269.5754795,2026-09-07T10:17:49.575479Z,8259,28,Goto Maneuver,65535,255,0,57,
1788776270.575553,2026-09-07T10:17:50.575552Z,8259,28,Goto Maneuver,65535,255,0,56,
1788776271.6757302,2026-09-07T10:17:51.675730Z,8259,28,Goto Maneuver,65535,255,0,55,
1788776272.7255156,2026-09-07T10:17:52.725515Z,8259,28,Goto Maneuver,65535,255,0,53,
1788776273.8754652,2026-09-07T10:17:53.875465Z,8259,28,Goto Maneuver,65535,255,0,52,
1788776274.9254425,2026-09-07T10:17:54.925442Z,8259,28,Goto Maneuver,65535,255,0,52,
1788776276.0254595,2026-09-07T10:17:56.025459Z,8259,28,Goto Maneuver,65535,255,0,50,
1788776277.175265,2026-09-07T10:17:57.175265Z,8259,28,Goto Maneuver,65535,255,0,49,
1788776278.225321,2026-09-07T10:17:58.225321Z,8259,28,Goto Maneuver,65535,255,0,48,
1788776279.2253933,2026-09-07T10:17:59.225393Z,8259,28,Goto Maneuver,65535,255,0,47,
1788776280.2756631,2026-09-07T10:18:00.275663Z,8259,28,Goto Maneuver,65535,255,0,46,
1788776281.325489,2026-09-07T10:18:01.325489Z,8259,28,Goto Maneuver,65535,255,0,45,
1788776282.4254148,2026-09-07T10:18:02.425414Z,8259,28,Goto Maneuver,65535,255,0,45,
1788776283.475496,2026-09-07T10:18:03.475496Z,8259,28,Goto Maneuver,65535,255,0,43,
1788776284.5254495,2026-09-07T10:18:04.525449Z,8259,28,Goto Maneuver,65535,255,0,42,
1788776285.6253426,2026-09-07T10:18:05.625342Z,8259,28,Goto Maneuver,65535,255,0,42,
1788776286.6756468,2026-09-07T10:18:06.675646Z,8259,28,Goto Maneuver,65535,255,0,40,
1788776287.7756536,2026-09-07T10:18:07.775653Z,8259,28,Goto Maneuver,65535,255,0,38,
1788776288.8253527,2026-09-07T10:18:08.825352Z,8259,28,Goto Maneuver,65535,255,0,37,
1788776289.8254669,2026-09-07T10:18:09.825466Z,8259,28,Goto Maneuver,65535,255,0,36,
1788776290.8755338,2026-09-07T10:18:10.875533Z,8259,28,Goto Maneuver,65535,255,0,34,
1788776292.0254815,2026-09-07T10:18:12.025481Z,8259,28,Goto Maneuver,65535,255,0,34,
1788776293.0256033,2026-09-07T10:18:13.025603Z,8259,28,Goto Maneuver,65535,255,0,33,
1788776294.07564,2026-09-07T10:18:14.075639Z,8259,28,Goto Maneuver,65535,255,0,33,
1788776295.0755825,2026-09-07T10:18:15.075582Z,8259,28,Goto Maneuver,65535,255,0,32,
1788776296.0757308,2026-09-07T10:18:16.075730Z,8259,28,Goto Maneuver,65535,255,0,31,
1788776297.2254496,2026-09-07T10:18:17.225449Z,8259,28,Goto Maneuver,65535,255,0,29,
1788776298.3255188,2026-09-07T10:18:18.325518Z,8259,28,Goto Maneuver,65535,255,0,28,
1788776299.325535,2026-09-07T10:18:19.325535Z,8259,28,Goto Maneuver,65535,255,0,27,
1788776300.4756424,2026-09-07T10:18:20.475642Z,8259,28,Goto Maneuver,65535,255,0,26,
1788776301.475644,2026-09-07T10:18:21.475644Z,8259,28,Goto Maneuver,65535,255,0,24,
1788776302.575667,2026-09-07T10:18:22.575666Z,8259,28,Goto Maneuver,65535,255,0,23,
1788776303.6256201,2026-09-07T10:18:23.625620Z,8259,28,Goto Maneuver,65535,255,0,23,
1788776304.6754858,2026-09-07T10:18:24.675485Z,8259,28,Goto Maneuver,65535,255,0,21,
1788776305.7255218,2026-09-07T10:18:25.725521Z,8259,28,Goto Maneuver,65535,255,0,20,
1788776306.7256951,2026-09-07T10:18:26.725695Z,8259,28,Goto Maneuver,65535,255,0,20,
1788776307.8255892,2026-09-07T10:18:27.825589Z,8259,28,Goto Maneuver,65535,255,0,18,
1788776308.8755853,2026-09-07T10:18:28.875585Z,8259,28,Goto Maneuver,65535,255,0,17,
1788776309.925524,2026-09-07T10:18:29.925523Z,8259,28,Goto Maneuver,65535,255,0,16,
1788776310.9255776,2026-09-07T10:18:30.925577Z,8259,28,Goto Maneuver,65535,255,0,16,
1788776312.0253649,2026-09-07T10:18:32.025364Z,8259,28,Goto Maneuver,65535,255,0,14,
1788776313.0754263,2026-09-07T10:18:33.075426Z,8259,28,Goto Maneuver,65535,255,0,13,
1788776314.1256034,2026-09-07T10:18:34.125603Z,8259,28,Goto Maneuver,65535,255,0,12,
1788776315.2253737,2026-09-07T10:18:35.225373Z,8259,28,Goto Maneuver,65535,255,0,11,
1788776316.2756033,2026-09-07T10:18:36.275603Z,8259,28,Goto Maneuver,65535,255,0,10,
1788776317.27558,2026-09-07T10:18:37.275579Z,8259,28,Goto Maneuver,65535,255,0,9,
1788776318.3257306,2026-09-07T10:18:38.325730Z,8259,28,Goto Maneuver,65535,255,0,8,
1788776319.475501,2026-09-07T10:18:39.475501Z,8259,28,Goto Maneuver,65535,255,0,7,
1788776320.5755453,2026-09-07T10:18:40.575545Z,8259,28,Goto Maneuver,65535,255,0,6,
1788776321.6755824,2026-09-07T10:18:41.675582Z,8259,28,Goto Maneuver,65535,255,0,5,
1788776322.7756083,2026-09-07T10:18:42.775608Z,8259,28,Goto Maneuver,65535,255,0,4,
1788776323.825285,2026-09-07T10:18:43.825284Z,8259,28,Goto Maneuver,65535,255,0,3,
1788776324.8755705,2026-09-07T10:18:44.875570Z,8259,28,Goto Maneuver,65535,255,0,1,
1788776325.9255881,2026-09-07T10:18:45.925588Z,8259,28,Goto Maneuver,65535,255,0,0,
1788776326.3257732,2026-09-07T10:18:46.325773Z,8259,26,Multiplexer Maneuver,65535,255,1,0,done
1788776326.981607,2026-09-07T10:18:46.981606Z,8259,26,Multiplexer Maneuver,65535,255,0,65535,in progress
1788776326.9820125,2026-09-07T10:18:46.982012Z,8259,28,Goto Maneuver,65535,255,0,57,
1788776328.075518,2026-09-07T10:18:48.075517Z,8259,28,Goto Maneuver,65535,255,0,58,
1788776329.1255608,2026-09-07T10:18:49.125560Z,8259,28,Goto Maneuver,65535,255,0,64,
1788776330.2253213,2026-09-07T10:18:50.225321Z,8259,28,Goto Maneuver,65535,255,0,66,
1788776331.275483,2026-09-07T10:18:51.275482Z,8259,28,Goto Maneuver,65535,255,0,66,
1788776332.3257256,2026-09-07T10:18:52.325725Z,8259,28,Goto Maneuver,65535,255,0,65,
1788776333.4755244,2026-09-07T10:18:53.475524Z,8259,28,Goto Maneuver,65535,255,0,64,
1788776334.4755394,2026-09-07T10:18:54.475539Z,8259,28,Goto Maneuver,65535,255,0,64,
1788776335.475545,2026-09-07T10:18:55.475544Z,8259,28,Goto Maneuver,65535,255,0,66,
1788776336.575479,2026-09-07T10:18:56.575479Z,8259,28,Goto Maneuver,65535,255,0,64,
1788776337.6255352,2026-09-07T10:18:57.625535Z,8259,28,Goto Maneuver,65535,255,0,64,
1788776338.7255304,2026-09-07T10:18:58.725530Z,8259,28,Goto Maneuver,65535,255,0,64,
1788776339.8254807,2026-09-07T10:18:59.825480Z,8259,28,Goto Maneuver,65535,255,0,62,
1788776340.8755538,2026-09-07T10:19:00.875553Z,8259,28,Goto Maneuver,65535,255,0,61,
1788776341.8755698,2026-09-07T10:19:01.875569Z,8259,28,Goto Maneuver,65535,255,0,61,
1788776343.0254996,2026-09-07T10:19:03.025499Z,8259,28,Goto Maneuver,65535,255,0,59,
1788776344.0753784,2026-09-07T10:19:04.075378Z,8259,28,Goto Maneuver,65535,255,0,61,
1788776345.075516,2026-09-07T10:19:05.075515Z,8259,28,Goto Maneuver,65535,255,0,59,
1788776346.0755966,2026-09-07T10:19:06.075596Z,8259,28,Goto Maneuver,65535,255,0,56,
1788776347.1254385,2026-09-07T10:19:07.125438Z,8259,28,Goto Maneuver,65535,255,0,54,
1788776348.22529,2026-09-07T10:19:08.225290Z,8259,28,Goto Maneuver,65535,255,0,50,
1788776349.2756295,2026-09-07T10:19:09.275629Z,8259,28,Goto Maneuver,65535,255,0,48,
1788776350.325718,2026-09-07T10:19:10.325717Z,8259,28,Goto Maneuver,65535,255,0,48,
1788776351.4253798,2026-09-07T10:19:11.425379Z,8259,28,Goto Maneuver,65535,255,0,50,
1788776352.4254162,2026-09-07T10:19:12.425416Z,8259,28,Goto Maneuver,65535,255,0,49,
1788776353.4754987,2026-09-07T10:19:13.475498Z,8259,28,Goto Maneuver,65535,255,0,47,
1788776354.5257607,2026-09-07T10:19:14.525760Z,8259,28,Goto Maneuver,65535,255,0,45,
1788776355.625339,2026-09-07T10:19:15.625339Z,8259,28,Goto Maneuver,65535,255,0,42,
1788776356.6755505,2026-09-07T10:19:16.675550Z,8259,28,Goto Maneuver,65535,255,0,40,
1788776357.725557,2026-09-07T10:19:17.725557Z,8259,28,Goto Maneuver,65535,255,0,38,
1788776358.8254194,2026-09-07T10:19:18.825419Z,8259,28,Goto Maneuver,65535,255,0,37,
1788776359.87561,2026-09-07T10:19:19.875610Z,8259,28,Goto Maneuver,65535,255,0,36,
1788776360.8755927,2026-09-07T10:19:20.875592Z,8259,28,Goto Maneuver,65535,255,0,34,
1788776362.0254083,2026-09-07T10:19:22.025408Z,8259,28,Goto Maneuver,65535,255,0,32,
1788776363.0753198,2026-09-07T10:19:23.075319Z,8259,28,Goto Maneuver,65535,255,0,30,
1788776364.075665,2026-09-07T10:19:24.075664Z,8259,28,Goto Maneuver,65535,255,0,29,
1788776365.1255424,2026-09-07T10:19:25.125542Z,8259,28,Goto Maneuver,65535,255,0,28,
1788776366.2253096,2026-09-07T10:19:26.225309Z,8259,28,Goto Maneuver,65535,255,0,27,
1788776367.2754922,2026-09-07T10:19:27.275492Z,8259,28,Goto Maneuver,65535,255,0,25,
1788776368.2755122,2026-09-07T10:19:28.275512Z,8259,28,Goto Maneuver,65535,255,0,24,
1788776369.2755044,2026-09-07T10:19:29.275504Z,8259,28,Goto Maneuver,65535,255,0,24,
1788776370.325625,2026-09-07T10:19:30.325624Z,8259,28,Goto Maneuver,65535,255,0,22,
1788776371.3755195,2026-09-07T10:19:31.375519Z,8259,28,Goto Maneuver,65535,255,0,21,
1788776372.4754574,2026-09-07T10:19:32.475457Z,8259,28,Goto Maneuver,65535,255,0,21,
1788776373.5255961,2026-09-07T10:19:33.525596Z,8259,28,Goto Maneuver,65535,255,0,19,
1788776374.6253746,2026-09-07T10:19:34.625374Z,8259,28,Goto Maneuver,65535,255,0,18,
1788776375.6753764,2026-09-07T10:19:35.675376Z,8259,28,Goto Maneuver,65535,255,0,18,
1788776376.675553,2026-09-07T10:19:36.675553Z,8259,28,Goto Maneuver,65535,255,0,16,
1788776377.7755373,2026-09-07T10:19:37.775537Z,8259,28,Goto Maneuver,65535,255,0,16,
1788776378.7755163,2026-09-07T10:19:38.775516Z,8259,28,Goto Maneuver,65535,255,0,15,
1788776379.8253756,2026-09-07T10:19:39.825375Z,8259,28,Goto Maneuver,65535,255,0,14,
1788776380.925429,2026-09-07T10:19:40.925429Z,8259,28,Goto Maneuver,65535,255,0,13,
1788776382.0254848,2026-09-07T10:19:42.025484Z,8259,28,Goto Maneuver,65535,255,0,13,
1788776383.025769,2026-09-07T10:19:43.025768Z,8259,28,Goto Maneuver,65535,255,0,12,
1788776384.0755608,2026-09-07T10:19:44.075560Z,8259,28,Goto Maneuver,65535,255,0,11,
1788776385.1754298,2026-09-07T10:19:45.175429Z,8259,28,Goto Maneuver,65535,255,0,11,
1788776386.1754072,2026-09-07T10:19:46.175407Z,8259,28,Goto Maneuver,65535,255,0,10,
1788776387.2253246,2026-09-07T10:19:47.225324Z,8259,28,Goto Maneuver,65535,255,0,9,
1788776388.2254121,2026-09-07T10:19:48.225412Z,8259,28,Goto Maneuver,65535,255,0,8,
1788776389.2755885,2026-09-07T10:19:49.275588Z,8259,28,Goto Maneuver,65535,255,0,7,
1788776390.3255742,2026-09-07T10:19:50.325574Z,8259,28,Goto Maneuver,65535,255,0,6,
1788776391.3754683,2026-09-07T10:19:51.375468Z,8259,28,Goto Maneuver,65535,255,0,5,
1788776392.475617,2026-09-07T10:19:52.475616Z,8259,28,Goto Maneuver,65535,255,0,4,
1788776393.5254827,2026-09-07T10:19:53.525482Z,8259,28,Goto Maneuver,65535,255,0,3,
1788776394.62549,2026-09-07T10:19:54.625489Z,8259,28,Goto Maneuver,65535,255,0,1,
1788776395.675567,2026-09-07T10:19:55.675566Z,8259,28,Goto Maneuver,65535,255,0,0,
1788776396.0254705,2026-09-07T10:19:56.025470Z,8259,26,Multiplexer Maneuver,65535,255,1,0,done
1788776396.9816048,2026-09-07T10:19:56.981604Z,8259,26,Multiplexer Maneuver,65535,255,0,65535,in progress
1788776396.9817371,2026-09-07T10:19:56.981737Z,8259,28,Goto Maneuver,65535,255,0,130,
1788776398.0755723,2026-09-07T10:19:58.075572Z,8259,28,Goto Maneuver,65535,255,0,133,
1788776399.1255937,2026-09-07T10:19:59.125593Z,8259,28,Goto Maneuver,65535,255,0,146,
1788776400.175344,2026-09-07T10:20:00.175343Z,8259,28,Goto Maneuver,65535,255,0,153,
1788776401.1753294,2026-09-07T10:20:01.175329Z,8259,28,Goto Maneuver,65535,255,0,153,
1788776402.2252886,2026-09-07T10:20:02.225288Z,8259,28,Goto Maneuver,65535,255,0,150,
1788776403.2755125,2026-09-07T10:20:03.275512Z,8259,28,Goto Maneuver,65535,255,0,150,
1788776404.425353,2026-09-07T10:20:04.425353Z,8259,28,Goto Maneuver,65535,255,0,152,
1788776405.4755595,2026-09-07T10:20:05.475559Z,8259,28,Goto Maneuver,65535,255,0,151,
1788776406.4755087,2026-09-07T10:20:06.475508Z,8259,28,Goto Maneuver,65535,255,0,154,
1788776407.5256102,2026-09-07T10:20:07.525610Z,8259,28,Goto Maneuver,65535,255,0,153,
1788776408.6754775,2026-09-07T10:20:08.675477Z,8259,28,Goto Maneuver,65535,255,0,150,
1788776409.7255368,2026-09-07T10:20:09.725536Z,8259,28,Goto Maneuver,65535,255,0,153,
1788776410.825479,2026-09-07T10:20:10.825479Z,8259,28,Goto Maneuver,65535,255,0,148,
1788776411.875691,2026-09-07T10:20:11.875690Z,8259,28,Goto Maneuver,65535,255,0,143,
1788776412.9255478,2026-09-07T10:20:12.925547Z,8259,28,Goto Maneuver,65535,255,0,145,
1788776413.925674,2026-09-07T10:20:13.925673Z,8259,28,Goto Maneuver,65535,255,0,144,
1788776414.9754257,2026-09-07T10:20:14.975425Z,8259,28,Goto Maneuver,65535,255,0,138,
1788776415.9754047,2026-09-07T10:20:15.975404Z,8259,28,Goto Maneuver,65535,255,0,134,
1788776417.0255742,2026-09-07T10:20:17.025574Z,8259,28,Goto Maneuver,65535,255,0,128,
1788776418.0754397,2026-09-07T10:20:18.075439Z,8259,28,Goto Maneuver,65535,255,0,120,
1788776419.0756295,2026-09-07T10:20:19.075629Z,8259,28,Goto Maneuver,65535,255,0,115,
1788776420.2252796,2026-09-07T10:20:20.225279Z,8259,28,Goto Maneuver,65535,255,0,117,
1788776421.2755222,2026-09-07T10:20:21.275522Z,8259,28,Goto Maneuver,65535,255,0,117,
1788776422.2755315,2026-09-07T10:20:22.275531Z,8259,28,Goto Maneuver,65535,255,0,116,
1788776423.3256195,2026-09-07T10:20:23.325619Z,8259,28,Goto Maneuver,65535,255,0,117,
1788776424.4754517,2026-09-07T10:20:24.475451Z,8259,28,Goto Maneuver,65535,255,0,119,
1788776425.5255678,2026-09-07T10:20:25.525567Z,8259,28,Goto Maneuver,65535,255,0,117,
1788776426.625621,2026-09-07T10:20:26.625621Z,8259,28,Goto Maneuver,65535,255,0,112,
1788776427.6754313,2026-09-07T10:20:27.675431Z,8259,28,Goto Maneuver,65535,255,0,109,
1788776428.7254667,2026-09-07T10:20:28.725466Z,8259,28,Goto Maneuver,65535,255,0,104,
1788776429.7756727,2026-09-07T10:20:29.775672Z,8259,28,Goto Maneuver,65535,255,0,106,
1788776430.7758207,2026-09-07T10:20:30.775820Z,8259,28,Goto Maneuver,65535,255,0,103,
1788776431.8255558,2026-09-07T10:20:31.825555Z,8259,28,Goto Maneuver,65535,255,0,97,
1788776432.8754258,2026-09-07T10:20:32.875425Z,8259,28,Goto Maneuver,65535,255,0,96,
1788776433.9256895,2026-09-07T10:20:33.925689Z,8259,28,Goto Maneuver,65535,255,0,93,
1788776434.9256494,2026-09-07T10:20:34.925649Z,8259,28,Goto Maneuver,65535,255,0,91,
1788776435.925734,2026-09-07T10:20:35.925734Z,8259,28,Goto Maneuver,65535,255,0,89,
1788776437.0756538,2026-09-07T10:20:37.075653Z,8259,28,Goto Maneuver,65535,255,0,89,
1788776438.125522,2026-09-07T10:20:38.125521Z,8259,28,Goto Maneuver,65535,255,0,89,
1788776439.2253187,2026-09-07T10:20:39.225318Z,8259,28,Goto Maneuver,65535,255,0,86,
1788776440.2254448,2026-09-07T10:20:40.225444Z,8259,28,Goto Maneuver,65535,255,0,85,
1788776441.3255093,2026-09-07T10:20:41.325509Z,8259,28,Goto Maneuver,65535,255,0,84,
1788776442.3254697,2026-09-07T10:20:42.325469Z,8259,28,Goto Maneuver,65535,255,0,85,
1788776443.3257928,2026-09-07T10:20:43.325792Z,8259,28,Goto Maneuver,65535,255,0,85,
1788776444.3756046,2026-09-07T10:20:44.375604Z,8259,28,Goto Maneuver,65535,255,0,83,
1788776445.4755673,2026-09-07T10:20:45.475567Z,8259,28,Goto Maneuver,65535,255,0,82,
1788776446.575536,2026-09-07T10:20:46.575536Z,8259,28,Goto Maneuver,65535,255,0,82,
1788776447.625568,2026-09-07T10:20:47.625567Z,8259,28,Goto Maneuver,65535,255,0,82,
1788776448.675722,2026-09-07T10:20:48.675721Z,8259,28,Goto Maneuver,65535,255,0,80,
1788776449.725554,2026-09-07T10:20:49.725553Z,8259,28,Goto Maneuver,65535,255,0,80,
1788776450.7756412,2026-09-07T10:20:50.775641Z,8259,28,Goto Maneuver,65535,255,0,78,
1788776451.8255663,2026-09-07T10:20:51.825566Z,8259,28,Goto Maneuver,65535,255,0,77,
1788776452.9257262,2026-09-07T10:20:52.925726Z,8259,28,Goto Maneuver,65535,255,0,78,
1788776453.9256377,2026-09-07T10:20:53.925637Z,8259,28,Goto Maneuver,65535,255,0,76,
1788776455.025646,2026-09-07T10:20:55.025645Z,8259,28,Goto Maneuver,65535,255,0,77,
1788776456.1256158,2026-09-07T10:20:56.125615Z,8259,28,Goto Maneuver,65535,255,0,79,
1788776457.2753887,2026-09-07T10:20:57.275388Z,8259,28,Goto Maneuver,65535,255,0,78,
1788776458.2755153,2026-09-07T10:20:58.275515Z,8259,28,Goto Maneuver,65535,255,0,78,
1788776459.3756993,2026-09-07T10:20:59.375699Z,8259,28,Goto Maneuver,65535,255,0,79,
1788776460.5257277,2026-09-07T10:21:00.525727Z,8259,28,Goto Maneuver,65535,255,0,79,
1788776461.6754463,2026-09-07T10:21:01.675446Z,8259,28,Goto Maneuver,65535,255,0,80,
1788776462.7256155,2026-09-07T10:21:02.725615Z,8259,28,Goto Maneuver,65535,255,0,79,
1788776463.7754564,2026-09-07T10:21:03.775456Z,8259,28,Goto Maneuver,65535,255,0,80,
1788776464.7755532,2026-09-07T10:21:04.775553Z,8259,28,Goto Maneuver,65535,255,0,79,
1788776465.8754838,2026-09-07T10:21:05.875483Z,8259,28,Goto Maneuver,65535,255,0,76,
1788776466.8756626,2026-09-07T10:21:06.875662Z,8259,28,Goto Maneuver,65535,255,0,76,
1788776467.9255104,2026-09-07T10:21:07.925510Z,8259,28,Goto Maneuver,65535,255,0,74,
1788776468.9255526,2026-09-07T10:21:08.925552Z,8259,28,Goto Maneuver,65535,255,0,71,
1788776470.0754228,2026-09-07T10:21:10.075422Z,8259,28,Goto Maneuver,65535,255,0,71,
1788776471.1255553,2026-09-07T10:21:11.125555Z,8259,28,Goto Maneuver,65535,255,0,71,
1788776472.1255388,2026-09-07T10:21:12.125538Z,8259,28,Goto Maneuver,65535,255,0,69,
1788776473.2254162,2026-09-07T10:21:13.225416Z,8259,28,Goto Maneuver,65535,255,0,68,
1788776474.3255732,2026-09-07T10:21:14.325573Z,8259,28,Goto Maneuver,65535,255,0,67,
1788776475.3757052,2026-09-07T10:21:15.375705Z,8259,28,Goto Maneuver,65535,255,0,66,
1788776476.475573,2026-09-07T10:21:16.475573Z,8259,28,Goto Maneuver,65535,255,0,63,
1788776477.5255983,2026-09-07T10:21:17.525598Z,8259,28,Goto Maneuver,65535,255,0,63,
1788776478.6255767,2026-09-07T10:21:18.625576Z,8259,28,Goto Maneuver,65535,255,0,61,
1788776479.6755862,2026-09-07T10:21:19.675586Z,8259,28,Goto Maneuver,65535,255,0,60,
1788776480.725459,2026-09-07T10:21:20.725459Z,8259,28,Goto Maneuver,65535,255,0,59,
1788776481.8256729,2026-09-07T10:21:21.825672Z,8259,28,Goto Maneuver,65535,255,0,58,
1788776482.8256876,2026-09-07T10:21:22.825687Z,8259,28,Goto Maneuver,65535,255,0,57,
1788776483.8755608,2026-09-07T10:21:23.875560Z,8259,28,Goto Maneuver,65535,255,0,55,
1788776484.925498,2026-09-07T10:21:24.925498Z,8259,28,Goto Maneuver,65535,255,0,53,
1788776485.9754589,2026-09-07T10:21:25.975458Z,8259,28,Goto Maneuver,65535,255,0,53,
1788776487.02539,2026-09-07T10:21:27.025389Z,8259,28,Goto Maneuver,65535,255,0,51,
1788776488.0755298,2026-09-07T10:21:28.075529Z,8259,28,Goto Maneuver,65535,255,0,50,
1788776489.0756047,2026-09-07T10:21:29.075604Z,8259,28,Goto Maneuver,65535,255,0,49,
1788776490.1255848,2026-09-07T10:21:30.125584Z,8259,28,Goto Maneuver,65535,255,0,47,
1788776491.1753378,2026-09-07T10:21:31.175337Z,8259,28,Goto Maneuver,65535,255,0,46,
1788776492.2755597,2026-09-07T10:21:32.275559Z,8259,28,Goto Maneuver,65535,255,0,45,
1788776493.325678,2026-09-07T10:21:33.325678Z,8259,28,Goto Maneuver,65535,255,0,43,
1788776494.4253502,2026-09-07T10:21:34.425350Z,8259,28,Goto Maneuver,65535,255,0,41,
1788776495.5255046,2026-09-07T10:21:35.525504Z,8259,28,Goto Maneuver,65535,255,0,41,
1788776496.6756268,2026-09-07T10:21:36.675626Z,8259,28,Goto Maneuver,65535,255,0,39,
1788776497.7255151,2026-09-07T10:21:37.725515Z,8259,28,Goto Maneuver,65535,255,0,37,
1788776498.7255373,2026-09-07T10:21:38.725537Z,8259,28,Goto Maneuver,65535,255,0,37,
1788776499.825553,2026-09-07T10:21:39.825552Z,8259,28,Goto Maneuver,65535,255,0,35,
1788776500.875492,2026-09-07T10:21:40.875492Z,8259,28,Goto Maneuver,65535,255,0,35,
1788776501.8755755,2026-09-07T10:21:41.875575Z,8259,28,Goto Maneuver,65535,255,0,34,
1788776502.9754603,2026-09-07T10:21:42.975460Z,8259,28,Goto Maneuver,65535,255,0,33,
1788776504.0253973,2026-09-07T10:21:44.025397Z,8259,28,Goto Maneuver,65535,255,0,32,
1788776505.1254704,2026-09-07T10:21:45.125470Z,8259,28,Goto Maneuver,65535,255,0,30,
1788776506.1254873,2026-09-07T10:21:46.125487Z,8259,28,Goto Maneuver,65535,255,0,30,
1788776507.225322,2026-09-07T10:21:47.225322Z,8259,28,Goto Maneuver,65535,255,0,29,
1788776508.2253265,2026-09-07T10:21:48.225326Z,8259,28,Goto Maneuver,65535,255,0,28,
1788776509.325519,2026-09-07T10:21:49.325519Z,8259,28,Goto Maneuver,65535,255,0,27,
1788776510.4253993,2026-09-07T10:21:50.425399Z,8259,28,Goto Maneuver,65535,255,0,26,
1788776511.425629,2026-09-07T10:21:51.425628Z,8259,28,Goto Maneuver,65535,255,0,25,
1788776512.5254736,2026-09-07T10:21:52.525473Z,8259,28,Goto Maneuver,65535,255,0,24,
1788776513.5757205,2026-09-07T10:21:53.575720Z,8259,28,Goto Maneuver,65535,255,0,23,
1788776514.625354,2026-09-07T10:21:54.625354Z,8259,28,Goto Maneuver,65535,255,0,21,
1788776515.6756392,2026-09-07T10:21:55.675639Z,8259,28,Goto Maneuver,65535,255,0,22,
1788776516.7254632,2026-09-07T10:21:56.725463Z,8259,28,Goto Maneuver,65535,255,0,20,
1788776517.7756083,2026-09-07T10:21:57.775608Z,8259,28,Goto Maneuver,65535,255,0,20,
1788776518.7757041,2026-09-07T10:21:58.775704Z,8259,28,Goto Maneuver,65535,255,0,20,
1788776519.8755949,2026-09-07T10:21:59.875594Z,8259,28,Goto Maneuver,65535,255,0,18,
1788776520.9254997,2026-09-07T10:22:00.925499Z,8259,28,Goto Maneuver,65535,255,0,17,
1788776522.0253901,2026-09-07T10:22:02.025390Z,8259,28,Goto Maneuver,65535,255,0,17,
1788776523.0753381,2026-09-07T10:22:03.075338Z,8259,28,Goto Maneuver,65535,255,0,15,
1788776524.1753738,2026-09-07T10:22:04.175373Z,8259,28,Goto Maneuver,65535,255,0,14,
1788776525.225387,2026-09-07T10:22:05.225387Z,8259,28,Goto Maneuver,65535,255,0,13,
1788776526.3256388,2026-09-07T10:22:06.325638Z,8259,28,Goto Maneuver,65535,255,0,12,
1788776527.4253528,2026-09-07T10:22:07.425352Z,8259,28,Goto Maneuver,65535,255,0,11,
1788776528.4754305,2026-09-07T10:22:08.475430Z,8259,28,Goto Maneuver,65535,255,0,10,
1788776529.4755404,2026-09-07T10:22:09.475540Z,8259,28,Goto Maneuver,65535,255,0,9,
1788776530.575508,2026-09-07T10:22:10.575508Z,8259,28,Goto Maneuver,65535,255,0,8,
1788776531.6253638,2026-09-07T10:22:11.625363Z,8259,28,Goto Maneuver,65535,255,0,6,
1788776532.6757336,2026-09-07T10:22:12.675733Z,8259,28,Goto Maneuver,65535,255,0,6,
1788776533.7254577,2026-09-07T10:22:13.725457Z,8259,28,Goto Maneuver,65535,255,0,4,
1788776534.8253562,2026-09-07T10:22:14.825356Z,8259,28,Goto Maneuver,65535,255,0,3,
1788776535.875496,2026-09-07T10:22:15.875495Z,8259,28,Goto Maneuver,65535,255,0,2,
1788776536.9254649,2026-09-07T10:22:16.925464Z,8259,28,Goto Maneuver,65535,255,0,1,
1788776538.0253606,2026-09-07T10:22:18.025360Z,8259,26,Multiplexer Maneuver,65535,255,1,0,done
1788776538.981595,2026-09-07T10:22:18.981595Z,8259,26,Multiplexer Maneuver,65535,255,0,65535,in progress
1788776538.9820447,2026-09-07T10:22:18.982044Z,8259,28,Goto Maneuver,65535,255,0,65,
1788776540.0755818,2026-09-07T10:22:20.075581Z,8259,28,Goto Maneuver,65535,255,0,67,
1788776541.22546,2026-09-07T10:22:21.225460Z,8259,28,Goto Maneuver,65535,255,0,70,
1788776542.2755036,2026-09-07T10:22:22.275503Z,8259,28,Goto Maneuver,65535,255,0,72,
1788776543.3255012,2026-09-07T10:22:23.325501Z,8259,28,Goto Maneuver,65535,255,0,76,
1788776544.3257241,2026-09-07T10:22:24.325724Z,8259,28,Goto Maneuver,65535,255,0,76,
1788776545.47549,2026-09-07T10:22:25.475490Z,8259,28,Goto Maneuver,65535,255,0,72,
1788776546.47547,2026-09-07T10:22:26.475470Z,8259,28,Goto Maneuver,65535,255,0,71,
1788776547.525347,2026-09-07T10:22:27.525346Z,8259,28,Goto Maneuver,65535,255,0,71,
1788776548.5256004,2026-09-07T10:22:28.525600Z,8259,28,Goto Maneuver,65535,255,0,70,
1788776549.525945,2026-09-07T10:22:29.525944Z,8259,28,Goto Maneuver,65535,255,0,68,
1788776550.6754887,2026-09-07T10:22:30.675488Z,8259,28,Goto Maneuver,65535,255,0,68,
1788776551.6755736,2026-09-07T10:22:31.675573Z,8259,28,Goto Maneuver,65535,255,0,65,
1788776552.7254488,2026-09-07T10:22:32.725448Z,8259,28,Goto Maneuver,65535,255,0,63,
1788776553.7256658,2026-09-07T10:22:33.725665Z,8259,28,Goto Maneuver,65535,255,0,63,
1788776554.7258544,2026-09-07T10:22:34.725854Z,8259,28,Goto Maneuver,65535,255,0,62,
1788776555.875534,2026-09-07T10:22:35.875534Z,8259,28,Goto Maneuver,65535,255,0,59,
1788776556.9255338,2026-09-07T10:22:36.925533Z,8259,28,Goto Maneuver,65535,255,0,56,
1788776558.025454,2026-09-07T10:22:38.025454Z,8259,28,Goto Maneuver,65535,255,0,52,
1788776559.0755901,2026-09-07T10:22:39.075590Z,8259,28,Goto Maneuver,65535,255,0,49,
1788776560.1753526,2026-09-07T10:22:40.175352Z,8259,28,Goto Maneuver,65535,255,0,49,
1788776561.225287,2026-09-07T10:22:41.225286Z,8259,28,Goto Maneuver,65535,255,0,48,
1788776562.2755303,2026-09-07T10:22:42.275530Z,8259,28,Goto Maneuver,65535,255,0,47,
1788776563.3253796,2026-09-07T10:22:43.325379Z,8259,28,Goto Maneuver,65535,255,0,46,
1788776564.3255231,2026-09-07T10:22:44.325523Z,8259,28,Goto Maneuver,65535,255,0,46,
1788776565.4755206,2026-09-07T10:22:45.475520Z,8259,28,Goto Maneuver,65535,255,0,45,
1788776566.5253868,2026-09-07T10:22:46.525386Z,8259,28,Goto Maneuver,65535,255,0,43,
1788776567.6252851,2026-09-07T10:22:47.625285Z,8259,28,Goto Maneuver,65535,255,0,42,
1788776568.6755004,2026-09-07T10:22:48.675500Z,8259,28,Goto Maneuver,65535,255,0,41,
1788776569.7255309,2026-09-07T10:22:49.725530Z,8259,28,Goto Maneuver,65535,255,0,39,
1788776570.775605,2026-09-07T10:22:50.775604Z,8259,28,Goto Maneuver,65535,255,0,38,
1788776571.825319,2026-09-07T10:22:51.825319Z,8259,28,Goto Maneuver,65535,255,0,37,
1788776572.8755367,2026-09-07T10:22:52.875536Z,8259,28,Goto Maneuver,65535,255,0,35,
1788776573.9254699,2026-09-07T10:22:53.925469Z,8259,28,Goto Maneuver,65535,255,0,33,
1788776574.975544,2026-09-07T10:22:54.975543Z,8259,28,Goto Maneuver,65535,255,0,32,
1788776576.0253453,2026-09-07T10:22:56.025345Z,8259,28,Goto Maneuver,65535,255,0,31,
1788776577.025411,2026-09-07T10:22:57.025410Z,8259,28,Goto Maneuver,65535,255,0,30,
1788776578.0754468,2026-09-07T10:22:58.075446Z,8259,28,Goto Maneuver,65535,255,0,28,
1788776579.0755148,2026-09-07T10:22:59.075514Z,8259,28,Goto Maneuver,65535,255,0,28,
1788776580.1256223,2026-09-07T10:23:00.125622Z,8259,28,Goto Maneuver,65535,255,0,27,
1788776581.2253036,2026-09-07T10:23:01.225303Z,8259,28,Goto Maneuver,65535,255,0,25,
1788776582.2253356,2026-09-07T10:23:02.225335Z,8259,28,Goto Maneuver,65535,255,0,24,
1788776583.3256686,2026-09-07T10:23:03.325668Z,8259,28,Goto Maneuver,65535,255,0,24,
1788776584.4253886,2026-09-07T10:23:04.425388Z,8259,28,Goto Maneuver,65535,255,0,23,
1788776585.4755735,2026-09-07T10:23:05.475573Z,8259,28,Goto Maneuver,65535,255,0,22,
1788776586.6253467,2026-09-07T10:23:06.625346Z,8259,28,Goto Maneuver,65535,255,0,21,
1788776587.7254994,2026-09-07T10:23:07.725499Z,8259,28,Goto Maneuver,65535,255,0,20,
1788776588.7757206,2026-09-07T10:23:08.775720Z,8259,28,Goto Maneuver,65535,255,0,20,
1788776589.8757372,2026-09-07T10:23:09.875737Z,8259,28,Goto Maneuver,65535,255,0,19,
1788776590.9254646,2026-09-07T10:23:10.925464Z,8259,28,Goto Maneuver,65535,255,0,19,
1788776592.0254908,2026-09-07T10:23:12.025490Z,8259,28,Goto Maneuver,65535,255,0,18,
1788776593.075661,2026-09-07T10:23:13.075660Z,8259,28,Goto Maneuver,65535,255,0,18,
1788776594.1753204,2026-09-07T10:23:14.175320Z,8259,28,Goto Maneuver,65535,255,0,17,
1788776595.275455,2026-09-07T10:23:15.275454Z,8259,28,Goto Maneuver,65535,255,0,16,
1788776596.2755833,2026-09-07T10:23:16.275583Z,8259,28,Goto Maneuver,65535,255,0,15,
1788776597.3258772,2026-09-07T10:23:17.325877Z,8259,28,Goto Maneuver,65535,255,0,14,
1788776598.4754908,2026-09-07T10:23:18.475490Z,8259,28,Goto Maneuver,65535,255,0,12,
1788776599.4755402,2026-09-07T10:23:19.475540Z,8259,28,Goto Maneuver,65535,255,0,11,
1788776600.5255876,2026-09-07T10:23:20.525587Z,8259,28,Goto Maneuver,65535,255,0,10,
1788776601.5756216,2026-09-07T10:23:21.575621Z,8259,28,Goto Maneuver,65535,255,0,9,
1788776602.6754956,2026-09-07T10:23:22.675495Z,8259,28,Goto Maneuver,65535,255,0,8,
1788776603.6756012,2026-09-07T10:23:23.675601Z,8259,28,Goto Maneuver,65535,255,0,7,
1788776604.7755125,2026-09-07T10:23:24.775512Z,8259,28,Goto Maneuver,65535,255,0,6,
1788776605.8754792,2026-09-07T10:23:25.875479Z,8259,28,Goto Maneuver,65535,255,0,5,
1788776606.8755808,2026-09-07T10:23:26.875580Z,8259,28,Goto Maneuver,65535,255,0,4,
1788776607.9256463,2026-09-07T10:23:27.925646Z,8259,28,Goto Maneuver,65535,255,0,3,
1788776609.0253553,2026-09-07T10:23:29.025355Z,8259,28,Goto Maneuver,65535,255,0,2,
1788776610.0253751,2026-09-07T10:23:30.025375Z,8259,28,Goto Maneuver,65535,255,0,1,
1788776610.8254597,2026-09-07T10:23:30.825459Z,8259,26,Multiplexer Maneuver,65535,255,1,0,done
1788776611.4816844,2026-09-07T10:23:31.481684Z,8259,26,Multiplexer Maneuver,65535,255,0,65535,in progress
1788776611.481883,2026-09-07T10:23:31.481883Z,8259,28,Goto Maneuver,65535,255,0,69,
1788776612.5755324,2026-09-07T10:23:32.575532Z,8259,28,Goto Maneuver,65535,255,0,68,
1788776613.5755754,2026-09-07T10:23:33.575575Z,8259,28,Goto Maneuver,65535,255,0,71,
1788776614.6253238,2026-09-07T10:23:34.625323Z,8259,28,Goto Maneuver,65535,255,0,74,
1788776615.6755419,2026-09-07T10:23:35.675541Z,8259,28,Goto Maneuver,65535,255,0,75,
1788776616.7754407,2026-09-07T10:23:36.775440Z,8259,28,Goto Maneuver,65535,255,0,73,
1788776617.7755475,2026-09-07T10:23:37.775547Z,8259,28,Goto Maneuver,65535,255,0,71,
1788776618.8257048,2026-09-07T10:23:38.825704Z,8259,28,Goto Maneuver,65535,255,0,70,
1788776619.9256353,2026-09-07T10:23:39.925635Z,8259,28,Goto Maneuver,65535,255,0,71,
1788776621.0254722,2026-09-07T10:23:41.025472Z,8259,28,Goto Maneuver,65535,255,0,71,
1788776622.0755115,2026-09-07T10:23:42.075511Z,8259,28,Goto Maneuver,65535,255,0,67,
1788776623.175321,2026-09-07T10:23:43.175321Z,8259,28,Goto Maneuver,65535,255,0,65,
1788776624.2254257,2026-09-07T10:23:44.225425Z,8259,28,Goto Maneuver,65535,255,0,64,
1788776625.2754965,2026-09-07T10:23:45.275496Z,8259,28,Goto Maneuver,65535,255,0,62,
1788776626.2755945,2026-09-07T10:23:46.275594Z,8259,28,Goto Maneuver,65535,255,0,58,
1788776627.325436,2026-09-07T10:23:47.325436Z,8259,28,Goto Maneuver,65535,255,0,59,
1788776628.4253852,2026-09-07T10:23:48.425385Z,8259,28,Goto Maneuver,65535,255,0,58,
1788776629.4257846,2026-09-07T10:23:49.425784Z,8259,28,Goto Maneuver,65535,255,0,57,
1788776630.5757396,2026-09-07T10:23:50.575739Z,8259,28,Goto Maneuver,65535,255,0,56,
1788776631.6755528,2026-09-07T10:23:51.675552Z,8259,28,Goto Maneuver,65535,255,0,54,
1788776632.6755774,2026-09-07T10:23:52.675577Z,8259,28,Goto Maneuver,65535,255,0,54,
1788776633.7756228,2026-09-07T10:23:53.775622Z,8259,28,Goto Maneuver,65535,255,0,52,
1788776634.8754518,2026-09-07T10:23:54.875451Z,8259,28,Goto Maneuver,65535,255,0,50,
1788776636.0254107,2026-09-07T10:23:56.025410Z,8259,28,Goto Maneuver,65535,255,0,49,
1788776637.0755105,2026-09-07T10:23:57.075510Z,8259,28,Goto Maneuver,65535,255,0,49,
1788776638.125431,2026-09-07T10:23:58.125431Z,8259,28,Goto Maneuver,65535,255,0,48,
1788776639.225329,2026-09-07T10:23:59.225328Z,8259,28,Goto Maneuver,65535,255,0,46,
1788776640.2753985,2026-09-07T10:24:00.275398Z,8259,28,Goto Maneuver,65535,255,0,46,
1788776641.3254688,2026-09-07T10:24:01.325468Z,8259,28,Goto Maneuver,65535,255,0,44,
1788776642.4755173,2026-09-07T10:24:02.475517Z,8259,28,Goto Maneuver,65535,255,0,43,
1788776643.5255196,2026-09-07T10:24:03.525519Z,8259,28,Goto Maneuver,65535,255,0,41,
1788776644.5754588,2026-09-07T10:24:04.575458Z,8259,28,Goto Maneuver,65535,255,0,40,
1788776645.675429,2026-09-07T10:24:05.675429Z,8259,28,Goto Maneuver,65535,255,0,39,
1788776646.675452,2026-09-07T10:24:06.675451Z,8259,28,Goto Maneuver,65535,255,0,38,
1788776647.725493,2026-09-07T10:24:07.725492Z,8259,28,Goto Maneuver,65535,255,0,37,
1788776648.8253584,2026-09-07T10:24:08.825358Z,8259,28,Goto Maneuver,65535,255,0,35,
1788776649.8760104,2026-09-07T10:24:09.876010Z,8259,28,Goto Maneuver,65535,255,0,35,
1788776650.9754603,2026-09-07T10:24:10.975460Z,8259,28,Goto Maneuver,65535,255,0,34,
1788776652.0254354,2026-09-07T10:24:12.025435Z,8259,28,Goto Maneuver,65535,255,0,32,
1788776653.125513,2026-09-07T10:24:13.125513Z,8259,28,Goto Maneuver,65535,255,0,31,
1788776654.1256402,2026-09-07T10:24:14.125640Z,8259,28,Goto Maneuver,65535,255,0,30,
1788776655.2253036,2026-09-07T10:24:15.225303Z,8259,28,Goto Maneuver,65535,255,0,29,
1788776656.2754505,2026-09-07T10:24:16.275450Z,8259,28,Goto Maneuver,65535,255,0,27,
1788776657.325552,2026-09-07T10:24:17.325551Z,8259,28,Goto Maneuver,65535,255,0,27,
1788776658.3754702,2026-09-07T10:24:18.375470Z,8259,28,Goto Maneuver,65535,255,0,26,
1788776659.4755054,2026-09-07T10:24:19.475505Z,8259,28,Goto Maneuver,65535,255,0,24,
1788776660.4756196,2026-09-07T10:24:20.475619Z,8259,28,Goto Maneuver,65535,255,0,24,
1788776661.5754566,2026-09-07T10:24:21.575456Z,8259,28,Goto Maneuver,65535,255,0,22,
1788776662.6757772,2026-09-07T10:24:22.675777Z,8259,28,Goto Maneuver,65535,255,0,21,
1788776663.775592,2026-09-07T10:24:23.775592Z,8259,28,Goto Maneuver,65535,255,0,20,
1788776664.8254333,2026-09-07T10:24:24.825433Z,8259,28,Goto Maneuver,65535,255,0,19,
1788776665.875476,2026-09-07T10:24:25.875475Z,8259,28,Goto Maneuver,65535,255,0,19,
1788776666.875513,2026-09-07T10:24:26.875513Z,8259,28,Goto Maneuver,65535,255,0,18,
1788776667.9257607,2026-09-07T10:24:27.925760Z,8259,28,Goto Maneuver,65535,255,0,17,
1788776669.0254197,2026-09-07T10:24:29.025419Z,8259,28,Goto Maneuver,65535,255,0,15,
1788776670.075513,2026-09-07T10:24:30.075512Z,8259,28,Goto Maneuver,65535,255,0,15,
1788776671.0754693,2026-09-07T10:24:31.075469Z,8259,28,Goto Maneuver,65535,255,0,14,
1788776672.1258504,2026-09-07T10:24:32.125850Z,8259,28,Goto Maneuver,65535,255,0,13,
1788776673.2755938,2026-09-07T10:24:33.275593Z,8259,28,Goto Maneuver,65535,255,0,12,
1788776674.3256743,2026-09-07T10:24:34.325674Z,8259,28,Goto Maneuver,65535,255,0,10,
1788776675.375771,2026-09-07T10:24:35.375771Z,8259,28,Goto Maneuver,65535,255,0,9,
1788776676.5254896,2026-09-07T10:24:36.525489Z,8259,28,Goto Maneuver,65535,255,0,8,
1788776677.5255356,2026-09-07T10:24:37.525535Z,8259,28,Goto Maneuver,65535,255,0,8,
1788776678.5755124,2026-09-07T10:24:38.575512Z,8259,28,Goto Maneuver,65535,255,0,7,
1788776679.6755228,2026-09-07T10:24:39.675522Z,8259,28,Goto Maneuver,65535,255,0,5,
1788776680.6756651,2026-09-07T10:24:40.675665Z,8259,28,Goto Maneuver,65535,255,0,5,
1788776681.7254694,2026-09-07T10:24:41.725469Z,8259,28,Goto Maneuver,65535,255,0,3,
1788776682.825598,2026-09-07T10:24:42.825598Z,8259,28,Goto Maneuver,65535,255,0,2,
1788776683.925551,2026-09-07T10:24:43.925550Z,8259,28,Goto Maneuver,65535,255,0,1,
1788776684.9256043,2026-09-07T10:24:44.925604Z,8259,26,Multiplexer Maneuver,65535,255,1,0,done
