timestamp,utc,src,src_ent,src_ent_label,dst,dst_ent,origin,text
1788776039.131805,2026-09-07T10:13:59.131804Z,32932,107,Acoustic Access Controller,8259,255,acoustic,pos 
1788776101.2948775,2026-09-07T10:15:01.294877Z,32932,107,Acoustic Access Controller,8259,255,acoustic,pos 
1788776136.0756023,2026-09-07T10:15:36.075602Z,32932,107,Acoustic Access Controller,8259,255,acoustic,pos 
1788776156.7933185,2026-09-07T10:15:56.793318Z,32932,107,Acoustic Access Controller,8259,255,acoustic,pos 
1788776190.4391737,2026-09-07T10:16:30.439173Z,32932,107,Acoustic Access Controller,8259,255,acoustic,pos 
1788776232.641661,2026-09-07T10:17:12.641660Z,32932,107,Acoustic Access Controller,8259,255,acoustic,pos 
1788776265.144991,2026-09-07T10:17:45.144990Z,32932,107,Acoustic Access Controller,8259,255,acoustic,pos 
1788776355.890455,2026-09-07T10:19:15.890455Z,32932,107,Acoustic Access Controller,8259,255,acoustic,pos 
1788776401.595611,2026-09-07T10:20:01.595611Z,32932,107,Acoustic Access Controller,8259,255,acoustic,pos 
1788776445.904013,2026-09-07T10:20:45.904012Z,32932,107,Acoustic Access Controller,8259,255,acoustic,pos 
1788776472.3412266,2026-09-07T10:21:12.341226Z,32932,107,Acoustic Access Controller,8259,255,acoustic,pos 
1788776514.2434845,2026-09-07T10:21:54.243484Z,32932,107,Acoustic Access Controller,8259,255,acoustic,pos 
1788776607.9915612,2026-09-07T10:23:27.991561Z,32932,107,Acoustic Access Controller,8259,255,acoustic,pos 
1788776624.2428145,2026-09-07T10:23:44.242814Z,32932,107,Acoustic Access Controller,8259,255,acoustic,pos 
1788776637.3467534,2026-09-07T10:23:57.346753Z,32932,107,Acoustic Access Controller,8259,255,acoustic,pos 
