timestamp,utc,src,src_ent,src_ent_label,dst,dst_ent,seq,sys_dst,flags,data
1788775930.5258868,2026-09-07T10:12:10.525886Z,8259,107,Acoustic Access Controller,8259,255,90,broadcast,0,1a03d3bbaf3f4100973e003aa0ff8402054d5d3a00d807bcaf3f2afa963e
1788775990.5757606,2026-09-07T10:13:10.575760Z,8259,107,Acoustic Access Controller,8259,255,91,broadcast,0,1a0321bcaf3f06f9963e0040cdff44020c4d5d4000d8fdbcaf3f73ef963e
1788776039.1324773,2026-09-07T10:13:59.132477Z,8259,107,Acoustic Access Controller,8259,255,92,broadcast,0,1a0374bcaf3f6ef5963e001dd2ff1f02124d5d1d00d8fdbcaf3f73ef963e
1788776050.625722,2026-09-07T10:14:10.625721Z,8259,107,Acoustic Access Controller,8259,255,93,broadcast,0,1a0388bcaf3f8bf4963e003ed4ff2f02144d5d3e00d8fdbcaf3f73ef963e
1788776101.2957911,2026-09-07T10:15:01.295791Z,8259,107,Acoustic Access Controller,8259,255,94,broadcast,0,1a03dfbcaf3fc1f0963e0018d2ff8d021b4d5d1800d8fdbcaf3f73ef963e
1788776110.6260471,2026-09-07T10:15:10.626047Z,8259,107,Acoustic Access Controller,8259,255,95,broadcast,0,1a03efbcaf3f09f0963e0016d3ff94021c4d5d1600d8fdbcaf3f73ef963e
1788776136.0764763,2026-09-07T10:15:36.076476Z,8259,107,Acoustic Access Controller,8259,255,96,broadcast,0,1a03ffbcaf3f33f1963e003ae100a4021e4d5d3a00d8f6bcaf3f58fa963e
1788776156.794005,2026-09-07T10:15:56.794004Z,8259,107,Acoustic Access Controller,8259,255,97,broadcast,0,1a03f9bcaf3fa6f4963e001d9e00b402224d5d1d00d8f6bcaf3f58fa963e
1788776170.6758103,2026-09-07T10:16:10.675810Z,8259,107,Acoustic Access Controller,8259,255,98,broadcast,0,1a03f8bcaf3ffbf6963e0029a200c402234d5d2900d8f6bcaf3f58fa963e
1788776190.4395332,2026-09-07T10:16:30.439533Z,8259,107,Acoustic Access Controller,8259,255,99,broadcast,0,1a03f6bcaf3fddf9963e003aaa00d102264d5d3a00d814bcaf3fb2ef963e
1788776230.7257228,2026-09-07T10:17:10.725722Z,8259,107,Acoustic Access Controller,8259,255,100,broadcast,0,1a03bebcaf3fb3f7963e0026f7fea1022b4d5d2600d814bcaf3fb2ef963e
1788776232.7759051,2026-09-07T10:17:12.775905Z,8259,107,Acoustic Access Controller,8259,255,101,broadcast,0,1a03bbbcaf3f85f7963e003af6fe99022c4d5d3a00d814bcaf3fb2ef963e
1788776265.145579,2026-09-07T10:17:45.145579Z,8259,107,Acoustic Access Controller,8259,255,102,broadcast,0,1a0384bcaf3feaf4963e0016f5fe22022f4d5d1600d814bcaf3fb2ef963e
1788776290.7257767,2026-09-07T10:18:10.725776Z,8259,107,Acoustic Access Controller,8259,255,103,broadcast,0,1a0359bcaf3fddf2963e003af3fec401324d5d3a00d814bcaf3fb2ef963e
1788776350.775775,2026-09-07T10:19:10.775774Z,8259,107,Acoustic Access Controller,8259,255,104,broadcast,0,1a0329bcaf3f98ee963e00160f006201394d5d1600d883bcaf3fcfea963e
1788776355.8911567,2026-09-07T10:19:15.891156Z,8259,107,Acoustic Access Controller,8259,255,105,broadcast,0,1a0332bcaf3f6aee963e0016cbff61013a4d5d1600d883bcaf3fcfea963e
1788776401.5965784,2026-09-07T10:20:01.596578Z,8259,107,Acoustic Access Controller,8259,255,106,broadcast,0,1a0384bcaf3fd7ea963e00290300a701404d5d2900d87dbcaf3fbfff963e
1788776410.7757075,2026-09-07T10:20:10.775707Z,8259,107,Acoustic Access Controller,8259,255,107,broadcast,0,1a038fbcaf3f89eb963e00199d00c001404d5d1900d87dbcaf3fbfff963e
1788776445.904827,2026-09-07T10:20:45.904827Z,8259,107,Acoustic Access Controller,8259,255,108,broadcast,0,1a0382bcaf3fc7f0963e00169f00d401464d5d1600d87dbcaf3fbfff963e
1788776470.82552,2026-09-07T10:21:10.825520Z,8259,107,Acoustic Access Controller,8259,255,109,broadcast,0,1a0380bcaf3fa2f4963e00129e002002484d5d1200d87dbcaf3fbfff963e
1788776472.8255227,2026-09-07T10:21:12.825522Z,8259,107,Acoustic Access Controller,8259,255,110,broadcast,0,1a0380bcaf3feaf4963e00139d002402484d5d1300d87dbcaf3fbfff963e
1788776514.2440312,2026-09-07T10:21:54.244031Z,8259,107,Acoustic Access Controller,8259,255,111,broadcast,0,1a037fbcaf3f68fb963e001b9f0090024e4c5d1b00d87dbcaf3fbfff963e
1788776530.8256,2026-09-07T10:22:10.825599Z,8259,107,Acoustic Access Controller,8259,255,112,broadcast,0,1a037ebcaf3fe5fd963e00419e00a402504c5d4100d87dbcaf3fbfff963e
1788776590.8757486,2026-09-07T10:23:10.875748Z,8259,107,Acoustic Access Controller,8259,255,113,broadcast,0,1a0331bcaf3f21fc963e003af3fe7102584c5d3a00d807bcaf3f3afa963e
1788776607.992092,2026-09-07T10:23:27.992091Z,8259,107,Acoustic Access Controller,8259,255,114,broadcast,0,1a0314bcaf3fcafa963e0026f4fe51025a4c5d2600d807bcaf3f3afa963e
1788776624.2433949,2026-09-07T10:23:44.243394Z,8259,107,Acoustic Access Controller,8259,255,115,broadcast,0,1a03fbbbaf3fc6fa963e0018c70059025b4c5d1800d89fbbaf3fb701973e
1788776637.3476474,2026-09-07T10:23:57.347647Z,8259,107,Acoustic Access Controller,8259,255,116,broadcast,0,1a03ebbbaf3f38fc963e003ded0057025d4c5d3d00d89fbbaf3fb701973e
1788776650.8758438,2026-09-07T10:24:10.875843Z,8259,107,Acoustic Access Controller,8259,255,117,broadcast,0,1a03d7bbaf3fa0fd963e0016e70067025f4c5d1600d89fbbaf3fb701973e
