timestamp,utc,src,src_ent,src_ent_label,dst,dst_ent,medium
1788775895.9740875,2026-09-07T10:11:35.974087Z,8259,44,Medium,65535,255,2
1788775896.9739106,2026-09-07T10:11:36.973910Z,8259,44,Medium,65535,255,2
1788775897.9739869,2026-09-07T10:11:37.973986Z,8259,44,Medium,65535,255,2
1788775898.9740112,2026-09-07T10:11:38.974011Z,8259,44,Medium,65535,255,2
1788775899.9738543,2026-09-07T10:11:39.973854Z,8259,44,Medium,65535,255,2
1788775900.9739275,2026-09-07T10:11:40.973927Z,8259,44,Medium,65535,255,2
1788775901.9739132,2026-09-07T10:11:41.973913Z,8259,44,Medium,65535,255,2
1788775902.9739096,2026-09-07T10:11:42.973909Z,8259,44,Medium,65535,255,2
1788775903.9739993,2026-09-07T10:11:43.973999Z,8259,44,Medium,65535,255,2
1788775904.9739275,2026-09-07T10:11:44.973927Z,8259,44,Medium,65535,255,2
1788775905.9739196,2026-09-07T10:11:45.973919Z,8259,44,Medium,65535,255,2
1788775906.9739454,2026-09-07T10:11:46.973945Z,8259,44,Medium,65535,255,2
1788775907.97397,2026-09-07T10:11:47.973969Z,8259,44,Medium,65535,255,2
1788775908.9739661,2026-09-07T10:11:48.973966Z,8259,44,Medium,65535,255,2
1788775909.9739146,2026-09-07T10:11:49.973914Z,8259,44,Medium,65535,255,2
1788775910.9739387,2026-09-07T10:11:50.973938Z,8259,44,Medium,65535,255,2
1788775911.9739306,2026-09-07T10:11:51.973930Z,8259,44,Medium,65535,255,2
1788775912.9739742,2026-09-07T10:11:52.973974Z,8259,44,Medium,65535,255,2
1788775913.973948,2026-09-07T10:11:53.973948Z,8259,44,Medium,65535,255,2
1788775914.9739416,2026-09-07T10:11:54.973941Z,8259,44,Medium,65535,255,2
1788775915.9739456,2026-09-07T10:11:55.973945Z,8259,44,Medium,65535,255,2
1788775916.9738219,2026-09-07T10:11:56.973821Z,8259,44,Medium,65535,255,2
1788775917.9739437,2026-09-07T10:11:57.973943Z,8259,44,Medium,65535,255,2
1788775918.9739134,2026-09-07T10:11:58.973913Z,8259,44,Medium,65535,255,2
1788775919.9739285,2026-09-07T10:11:59.973928Z,8259,44,Medium,65535,255,2
1788775920.9739244,2026-09-07T10:12:00.973924Z,8259,44,Medium,65535,255,2
1788775921.973921,2026-09-07T10:12:01.973921Z,8259,44,Medium,65535,255,2
1788775922.9739077,2026-09-07T10:12:02.973907Z,8259,44,Medium,65535,255,2
1788775923.9739156,2026-09-07T10:12:03.973915Z,8259,44,Medium,65535,255,2
1788775924.9739096,2026-09-07T10:12:04.973909Z,8259,44,Medium,65535,255,2
1788775925.97399,2026-09-07T10:12:05.973989Z,8259,44,Medium,65535,255,2
1788775926.9739122,2026-09-07T10:12:06.973912Z,8259,44,Medium,65535,255,2
1788775927.9739125,2026-09-07T10:12:07.973912Z,8259,44,Medium,65535,255,2
1788775928.9739141,2026-09-07T10:12:08.973914Z,8259,44,Medium,65535,255,2
1788775929.973909,2026-09-07T10:12:09.973908Z,8259,44,Medium,65535,255,2
1788775930.97392,2026-09-07T10:12:10.973920Z,8259,44,Medium,65535,255,2
1788775931.97392,2026-09-07T10:12:11.973920Z,8259,44,Medium,65535,255,2
1788775932.9740129,2026-09-07T10:12:12.974012Z,8259,44,Medium,65535,255,2
1788775933.9738963,2026-09-07T10:12:13.973896Z,8259,44,Medium,65535,255,2
1788775934.9739218,2026-09-07T10:12:14.973921Z,8259,44,Medium,65535,255,2
1788775935.9739146,2026-09-07T10:12:15.973914Z,8259,44,Medium,65535,255,2
1788775936.9739156,2026-09-07T10:12:16.973915Z,8259,44,Medium,65535,255,2
1788775937.973917,2026-09-07T10:12:17.973917Z,8259,44,Medium,65535,255,2
1788775938.9739032,2026-09-07T10:12:18.973903Z,8259,44,Medium,65535,255,2
1788775939.9739091,2026-09-07T10:12:19.973909Z,8259,44,Medium,65535,255,2
1788775940.9739244,2026-09-07T10:12:20.973924Z,8259,44,Medium,65535,255,2
1788775941.9739048,2026-09-07T10:12:21.973904Z,8259,44,Medium,65535,255,2
1788775942.9739187,2026-09-07T10:12:22.973918Z,8259,44,Medium,65535,255,2
1788775943.9739106,2026-09-07T10:12:23.973910Z,8259,44,Medium,65535,255,2
1788775944.9739192,2026-09-07T10:12:24.973919Z,8259,44,Medium,65535,255,2
1788775945.9738216,2026-09-07T10:12:25.973821Z,8259,44,Medium,65535,255,2
1788775946.9739127,2026-09-07T10:12:26.973912Z,8259,44,Medium,65535,255,2
1788775947.9739115,2026-09-07T10:12:27.973911Z,8259,44,Medium,65535,255,2
1788775948.973919,2026-09-07T10:12:28.973918Z,8259,44,Medium,65535,255,2
1788775949.9739463,2026-09-07T10:12:29.973946Z,8259,44,Medium,65535,255,2
1788775950.9739244,2026-09-07T10:12:30.973924Z,8259,44,Medium,65535,255,2
1788775951.9739172,2026-09-07T10:12:31.973917Z,8259,44,Medium,65535,255,2
1788775952.9739113,2026-09-07T10:12:32.973911Z,8259,44,Medium,65535,255,2
1788775953.9739244,2026-09-07T10:12:33.973924Z,8259,44,Medium,65535,255,2
1788775954.973915,2026-09-07T10:12:34.973915Z,8259,44,Medium,65535,255,2
1788775955.9739492,2026-09-07T10:12:35.973949Z,8259,44,Medium,65535,255,2
1788775956.9740093,2026-09-07T10:12:36.974009Z,8259,44,Medium,65535,255,2
1788775957.9739382,2026-09-07T10:12:37.973938Z,8259,44,Medium,65535,255,2
1788775958.9739091,2026-09-07T10:12:38.973909Z,8259,44,Medium,65535,255,2
1788775959.974126,2026-09-07T10:12:39.974126Z,8259,44,Medium,65535,255,2
1788775960.973946,2026-09-07T10:12:40.973946Z,8259,44,Medium,65535,255,2
1788775961.9740026,2026-09-07T10:12:41.974002Z,8259,44,Medium,65535,255,2
1788775962.9739485,2026-09-07T10:12:42.973948Z,8259,44,Medium,65535,255,2
1788775963.9739282,2026-09-07T10:12:43.973928Z,8259,44,Medium,65535,255,2
1788775964.9739144,2026-09-07T10:12:44.973914Z,8259,44,Medium,65535,255,2
1788775965.9740045,2026-09-07T10:12:45.974004Z,8259,44,Medium,65535,255,2
1788775966.9740505,2026-09-07T10:12:46.974050Z,8259,44,Medium,65535,255,2
1788775967.973938,2026-09-07T10:12:47.973937Z,8259,44,Medium,65535,255,2
1788775968.9739792,2026-09-07T10:12:48.973979Z,8259,44,Medium,65535,255,2
1788775969.974219,2026-09-07T10:12:49.974219Z,8259,44,Medium,65535,255,2
1788775970.9739752,2026-09-07T10:12:50.973975Z,8259,44,Medium,65535,255,2
1788775971.9739177,2026-09-07T10:12:51.973917Z,8259,44,Medium,65535,255,2
1788775972.9738984,2026-09-07T10:12:52.973898Z,8259,44,Medium,65535,255,2
1788775973.973935,2026-09-07T10:12:53.973934Z,8259,44,Medium,65535,255,2
1788775974.973977,2026-09-07T10:12:54.973977Z,8259,44,Medium,65535,255,2
1788775975.9739404,2026-09-07T10:12:55.973940Z,8259,44,Medium,65535,255,2
1788775976.9739766,2026-09-07T10:12:56.973976Z,8259,44,Medium,65535,255,2
1788775977.9738896,2026-09-07T10:12:57.973889Z,8259,44,Medium,65535,255,2
1788775978.97389,2026-09-07T10:12:58.973890Z,8259,44,Medium,65535,255,2
1788775979.9739468,2026-09-07T10:12:59.973946Z,8259,44,Medium,65535,255,2
1788775980.9740257,2026-09-07T10:13:00.974025Z,8259,44,Medium,65535,255,2
1788775981.9740417,2026-09-07T10:13:01.974041Z,8259,44,Medium,65535,255,2
1788775982.9739053,2026-09-07T10:13:02.973905Z,8259,44,Medium,65535,255,2
1788775983.9739065,2026-09-07T10:13:03.973906Z,8259,44,Medium,65535,255,2
1788775984.9739358,2026-09-07T10:13:04.973935Z,8259,44,Medium,65535,255,2
1788775985.9739022,2026-09-07T10:13:05.973902Z,8259,44,Medium,65535,255,2
1788775986.9739184,2026-09-07T10:13:06.973918Z,8259,44,Medium,65535,255,2
1788775987.973944,2026-09-07T10:13:07.973943Z,8259,44,Medium,65535,255,2
1788775988.9738996,2026-09-07T10:13:08.973899Z,8259,44,Medium,65535,255,2
1788775989.9739182,2026-09-07T10:13:09.973918Z,8259,44,Medium,65535,255,2
1788775990.973911,2026-09-07T10:13:10.973911Z,8259,44,Medium,65535,255,2
1788775991.973933,2026-09-07T10:13:11.973932Z,8259,44,Medium,65535,255,2
1788775992.9740546,2026-09-07T10:13:12.974054Z,8259,44,Medium,65535,255,2
1788775993.973907,2026-09-07T10:13:13.973906Z,8259,44,Medium,65535,255,2
1788775994.9739144,2026-09-07T10:13:14.973914Z,8259,44,Medium,65535,255,2
1788775995.9738638,2026-09-07T10:13:15.973863Z,8259,44,Medium,65535,255,2
1788775996.9740665,2026-09-07T10:13:16.974066Z,8259,44,Medium,65535,255,2
1788775997.9739404,2026-09-07T10:13:17.973940Z,8259,44,Medium,65535,255,2
1788775998.9740145,2026-09-07T10:13:18.974014Z,8259,44,Medium,65535,255,2
1788775999.973977,2026-09-07T10:13:19.973977Z,8259,44,Medium,65535,255,2
1788776000.9740791,2026-09-07T10:13:20.974079Z,8259,44,Medium,65535,255,2
1788776001.9739053,2026-09-07T10:13:21.973905Z,8259,44,Medium,65535,255,2
1788776002.9739058,2026-09-07T10:13:22.973905Z,8259,44,Medium,65535,255,2
1788776003.9738827,2026-09-07T10:13:23.973882Z,8259,44,Medium,65535,255,2
1788776004.97391,2026-09-07T10:13:24.973910Z,8259,44,Medium,65535,255,2
1788776005.9739084,2026-09-07T10:13:25.973908Z,8259,44,Medium,65535,255,2
1788776006.9739096,2026-09-07T10:13:26.973909Z,8259,44,Medium,65535,255,2
1788776007.9739125,2026-09-07T10:13:27.973912Z,8259,44,Medium,65535,255,2
1788776008.9739048,2026-09-07T10:13:28.973904Z,8259,44,Medium,65535,255,2
1788776009.973891,2026-09-07T10:13:29.973891Z,8259,44,Medium,65535,255,2
1788776010.9738588,2026-09-07T10:13:30.973858Z,8259,44,Medium,65535,255,2
1788776011.9739082,2026-09-07T10:13:31.973908Z,8259,44,Medium,65535,255,2
1788776012.9738824,2026-09-07T10:13:32.973882Z,8259,44,Medium,65535,255,2
1788776013.97392,2026-09-07T10:13:33.973920Z,8259,44,Medium,65535,255,2
1788776014.9739165,2026-09-07T10:13:34.973916Z,8259,44,Medium,65535,255,2
1788776015.973984,2026-09-07T10:13:35.973984Z,8259,44,Medium,65535,255,2
1788776016.9739258,2026-09-07T10:13:36.973925Z,8259,44,Medium,65535,255,2
1788776017.9739318,2026-09-07T10:13:37.973931Z,8259,44,Medium,65535,255,2
1788776018.973932,2026-09-07T10:13:38.973932Z,8259,44,Medium,65535,255,2
1788776019.9739108,2026-09-07T10:13:39.973910Z,8259,44,Medium,65535,255,2
1788776020.9739687,2026-09-07T10:13:40.973968Z,8259,44,Medium,65535,255,2
1788776021.9739091,2026-09-07T10:13:41.973909Z,8259,44,Medium,65535,255,2
1788776022.9739068,2026-09-07T10:13:42.973906Z,8259,44,Medium,65535,255,2
1788776023.973893,2026-09-07T10:13:43.973892Z,8259,44,Medium,65535,255,2
1788776024.9739077,2026-09-07T10:13:44.973907Z,8259,44,Medium,65535,255,2
1788776025.9738877,2026-09-07T10:13:45.973887Z,8259,44,Medium,65535,255,2
1788776026.9739242,2026-09-07T10:13:46.973924Z,8259,44,Medium,65535,255,2
1788776027.973895,2026-09-07T10:13:47.973895Z,8259,44,Medium,65535,255,2
1788776028.9739168,2026-09-07T10:13:48.973916Z,8259,44,Medium,65535,255,2
1788776029.9739063,2026-09-07T10:13:49.973906Z,8259,44,Medium,65535,255,2
1788776030.973903,2026-09-07T10:13:50.973902Z,8259,44,Medium,65535,255,2
1788776031.973879,2026-09-07T10:13:51.973879Z,8259,44,Medium,65535,255,2
1788776032.9738805,2026-09-07T10:13:52.973880Z,8259,44,Medium,65535,255,2
1788776033.9739118,2026-09-07T10:13:53.973911Z,8259,44,Medium,65535,255,2
1788776034.9739125,2026-09-07T10:13:54.973912Z,8259,44,Medium,65535,255,2
1788776035.973903,2026-09-07T10:13:55.973902Z,8259,44,Medium,65535,255,2
1788776036.9738786,2026-09-07T10:13:56.973878Z,8259,44,Medium,65535,255,2
1788776037.9739048,2026-09-07T10:13:57.973904Z,8259,44,Medium,65535,255,2
1788776038.9739084,2026-09-07T10:13:58.973908Z,8259,44,Medium,65535,255,2
1788776039.9739132,2026-09-07T10:13:59.973913Z,8259,44,Medium,65535,255,2
1788776040.9738822,2026-09-07T10:14:00.973882Z,8259,44,Medium,65535,255,2
1788776041.9739394,2026-09-07T10:14:01.973939Z,8259,44,Medium,65535,255,2
1788776042.973882,2026-09-07T10:14:02.973881Z,8259,44,Medium,65535,255,2
1788776043.9739408,2026-09-07T10:14:03.973940Z,8259,44,Medium,65535,255,2
1788776044.9738493,2026-09-07T10:14:04.973849Z,8259,44,Medium,65535,255,2
1788776045.9739304,2026-09-07T10:14:05.973930Z,8259,44,Medium,65535,255,2
1788776046.9739034,2026-09-07T10:14:06.973903Z,8259,44,Medium,65535,255,2
1788776047.9739308,2026-09-07T10:14:07.973930Z,8259,44,Medium,65535,255,2
1788776048.9739265,2026-09-07T10:14:08.973926Z,8259,44,Medium,65535,255,2
1788776049.9739106,2026-09-07T10:14:09.973910Z,8259,44,Medium,65535,255,2
1788776050.9739356,2026-09-07T10:14:10.973935Z,8259,44,Medium,65535,255,2
1788776051.9739687,2026-09-07T10:14:11.973968Z,8259,44,Medium,65535,255,2
1788776052.9739068,2026-09-07T10:14:12.973906Z,8259,44,Medium,65535,255,2
1788776053.9739513,2026-09-07T10:14:13.973951Z,8259,44,Medium,65535,255,2
1788776054.9739437,2026-09-07T10:14:14.973943Z,8259,44,Medium,65535,255,2
1788776055.9739943,2026-09-07T10:14:15.973994Z,8259,44,Medium,65535,255,2
1788776056.9739752,2026-09-07T10:14:16.973975Z,8259,44,Medium,65535,255,2
1788776057.9739807,2026-09-07T10:14:17.973980Z,8259,44,Medium,65535,255,2
1788776058.973966,2026-09-07T10:14:18.973965Z,8259,44,Medium,65535,255,2
1788776059.9739785,2026-09-07T10:14:19.973978Z,8259,44,Medium,65535,255,2
1788776060.9739218,2026-09-07T10:14:20.973921Z,8259,44,Medium,65535,255,2
1788776061.9740047,2026-09-07T10:14:21.974004Z,8259,44,Medium,65535,255,2
1788776062.973963,2026-09-07T10:14:22.973963Z,8259,44,Medium,65535,255,2
1788776063.9738379,2026-09-07T10:14:23.973837Z,8259,44,Medium,65535,255,2
1788776064.9739583,2026-09-07T10:14:24.973958Z,8259,44,Medium,65535,255,2
1788776065.9739993,2026-09-07T10:14:25.973999Z,8259,44,Medium,65535,255,2
1788776066.9739976,2026-09-07T10:14:26.973997Z,8259,44,Medium,65535,255,2
1788776067.974004,2026-09-07T10:14:27.974004Z,8259,44,Medium,65535,255,2
1788776068.9740057,2026-09-07T10:14:28.974005Z,8259,44,Medium,65535,255,2
1788776069.9739745,2026-09-07T10:14:29.973974Z,8259,44,Medium,65535,255,2
1788776070.9738371,2026-09-07T10:14:30.973837Z,8259,44,Medium,65535,255,2
1788776071.9738328,2026-09-07T10:14:31.973832Z,8259,44,Medium,65535,255,2
1788776072.973836,2026-09-07T10:14:32.973835Z,8259,44,Medium,65535,255,2
1788776073.9740038,2026-09-07T10:14:33.974003Z,8259,44,Medium,65535,255,2
1788776074.973917,2026-09-07T10:14:34.973917Z,8259,44,Medium,65535,255,2
1788776075.973967,2026-09-07T10:14:35.973967Z,8259,44,Medium,65535,255,2
1788776076.9739044,2026-09-07T10:14:36.973904Z,8259,44,Medium,65535,255,2
1788776077.9739714,2026-09-07T10:14:37.973971Z,8259,44,Medium,65535,255,2
1788776078.9738934,2026-09-07T10:14:38.973893Z,8259,44,Medium,65535,255,2
1788776079.9740403,2026-09-07T10:14:39.974040Z,8259,44,Medium,65535,255,2
1788776080.973989,2026-09-07T10:14:40.973989Z,8259,44,Medium,65535,255,2
1788776081.9740357,2026-09-07T10:14:41.974035Z,8259,44,Medium,65535,255,2
1788776082.973973,2026-09-07T10:14:42.973973Z,8259,44,Medium,65535,255,2
1788776083.9740021,2026-09-07T10:14:43.974002Z,8259,44,Medium,65535,255,2
1788776084.974064,2026-09-07T10:14:44.974064Z,8259,44,Medium,65535,255,2
1788776085.973975,2026-09-07T10:14:45.973974Z,8259,44,Medium,65535,255,2
1788776086.9740381,2026-09-07T10:14:46.974038Z,8259,44,Medium,65535,255,2
1788776087.9740012,2026-09-07T10:14:47.974001Z,8259,44,Medium,65535,255,2
1788776088.9741695,2026-09-07T10:14:48.974169Z,8259,44,Medium,65535,255,2
1788776089.9740124,2026-09-07T10:14:49.974012Z,8259,44,Medium,65535,255,2
1788776090.9741132,2026-09-07T10:14:50.974113Z,8259,44,Medium,65535,255,2
1788776091.9739878,2026-09-07T10:14:51.973987Z,8259,44,Medium,65535,255,2
1788776092.9740844,2026-09-07T10:14:52.974084Z,8259,44,Medium,65535,255,2
1788776093.9739773,2026-09-07T10:14:53.973977Z,8259,44,Medium,65535,255,2
1788776094.9740317,2026-09-07T10:14:54.974031Z,8259,44,Medium,65535,255,2
1788776095.974131,2026-09-07T10:14:55.974131Z,8259,44,Medium,65535,255,2
1788776096.9741764,2026-09-07T10:14:56.974176Z,8259,44,Medium,65535,255,2
1788776097.9739935,2026-09-07T10:14:57.973993Z,8259,44,Medium,65535,255,2
1788776098.9740512,2026-09-07T10:14:58.974051Z,8259,44,Medium,65535,255,2
1788776099.9740403,2026-09-07T10:14:59.974040Z,8259,44,Medium,65535,255,2
1788776100.9740121,2026-09-07T10:15:00.974012Z,8259,44,Medium,65535,255,2
1788776101.9740539,2026-09-07T10:15:01.974053Z,8259,44,Medium,65535,255,2
1788776102.973979,2026-09-07T10:15:02.973978Z,8259,44,Medium,65535,255,2
1788776103.9740105,2026-09-07T10:15:03.974010Z,8259,44,Medium,65535,255,2
1788776104.9740138,2026-09-07T10:15:04.974013Z,8259,44,Medium,65535,255,2
1788776105.9738986,2026-09-07T10:15:05.973898Z,8259,44,Medium,65535,255,2
1788776106.973893,2026-09-07T10:15:06.973892Z,8259,44,Medium,65535,255,2
1788776107.9740674,2026-09-07T10:15:07.974067Z,8259,44,Medium,65535,255,2
1788776108.9739985,2026-09-07T10:15:08.973998Z,8259,44,Medium,65535,255,2
1788776109.973947,2026-09-07T10:15:09.973947Z,8259,44,Medium,65535,255,2
1788776110.9739194,2026-09-07T10:15:10.973919Z,8259,44,Medium,65535,255,2
1788776111.9739375,2026-09-07T10:15:11.973937Z,8259,44,Medium,65535,255,2
1788776112.9740674,2026-09-07T10:15:12.974067Z,8259,44,Medium,65535,255,2
1788776113.974008,2026-09-07T10:15:13.974008Z,8259,44,Medium,65535,255,2
1788776114.9739316,2026-09-07T10:15:14.973931Z,8259,44,Medium,65535,255,2
1788776115.9741468,2026-09-07T10:15:15.974146Z,8259,44,Medium,65535,255,2
1788776116.9739459,2026-09-07T10:15:16.973945Z,8259,44,Medium,65535,255,2
1788776117.9740596,2026-09-07T10:15:17.974059Z,8259,44,Medium,65535,255,2
1788776118.9740608,2026-09-07T10:15:18.974060Z,8259,44,Medium,65535,255,2
1788776119.9739535,2026-09-07T10:15:19.973953Z,8259,44,Medium,65535,255,2
1788776120.9740143,2026-09-07T10:15:20.974014Z,8259,44,Medium,65535,255,2
1788776121.9739413,2026-09-07T10:15:21.973941Z,8259,44,Medium,65535,255,2
1788776122.9739797,2026-09-07T10:15:22.973979Z,8259,44,Medium,65535,255,2
1788776123.9739063,2026-09-07T10:15:23.973906Z,8259,44,Medium,65535,255,2
1788776124.973937,2026-09-07T10:15:24.973937Z,8259,44,Medium,65535,255,2
1788776125.9739435,2026-09-07T10:15:25.973943Z,8259,44,Medium,65535,255,2
1788776126.9740405,2026-09-07T10:15:26.974040Z,8259,44,Medium,65535,255,2
1788776127.9739845,2026-09-07T10:15:27.973984Z,8259,44,Medium,65535,255,2
1788776128.9740443,2026-09-07T10:15:28.974044Z,8259,44,Medium,65535,255,2
1788776129.9739861,2026-09-07T10:15:29.973986Z,8259,44,Medium,65535,255,2
1788776130.9739854,2026-09-07T10:15:30.973985Z,8259,44,Medium,65535,255,2
1788776131.973979,2026-09-07T10:15:31.973978Z,8259,44,Medium,65535,255,2
1788776132.973939,2026-09-07T10:15:32.973938Z,8259,44,Medium,65535,255,2
1788776133.9739764,2026-09-07T10:15:33.973976Z,8259,44,Medium,65535,255,2
1788776134.974096,2026-09-07T10:15:34.974096Z,8259,44,Medium,65535,255,2
1788776135.9739912,2026-09-07T10:15:35.973991Z,8259,44,Medium,65535,255,2
1788776136.9739504,2026-09-07T10:15:36.973950Z,8259,44,Medium,65535,255,2
1788776137.9739237,2026-09-07T10:15:37.973923Z,8259,44,Medium,65535,255,2
1788776138.97395,2026-09-07T10:15:38.973949Z,8259,44,Medium,65535,255,2
1788776139.9739745,2026-09-07T10:15:39.973974Z,8259,44,Medium,65535,255,2
1788776140.9740996,2026-09-07T10:15:40.974099Z,8259,44,Medium,65535,255,2
1788776141.9740307,2026-09-07T10:15:41.974030Z,8259,44,Medium,65535,255,2
1788776142.9739397,2026-09-07T10:15:42.973939Z,8259,44,Medium,65535,255,2
1788776143.9739594,2026-09-07T10:15:43.973959Z,8259,44,Medium,65535,255,2
1788776144.9739776,2026-09-07T10:15:44.973977Z,8259,44,Medium,65535,255,2
1788776145.9739263,2026-09-07T10:15:45.973926Z,8259,44,Medium,65535,255,2
1788776146.9739633,2026-09-07T10:15:46.973963Z,8259,44,Medium,65535,255,2
1788776147.973978,2026-09-07T10:15:47.973978Z,8259,44,Medium,65535,255,2
1788776148.9739423,2026-09-07T10:15:48.973942Z,8259,44,Medium,65535,255,2
1788776149.9739254,2026-09-07T10:15:49.973925Z,8259,44,Medium,65535,255,2
1788776150.9739215,2026-09-07T10:15:50.973921Z,8259,44,Medium,65535,255,2
1788776151.9739513,2026-09-07T10:15:51.973951Z,8259,44,Medium,65535,255,2
1788776152.9739153,2026-09-07T10:15:52.973915Z,8259,44,Medium,65535,255,2
1788776153.9739242,2026-09-07T10:15:53.973924Z,8259,44,Medium,65535,255,2
1788776154.973934,2026-09-07T10:15:54.973933Z,8259,44,Medium,65535,255,2
1788776155.9738746,2026-09-07T10:15:55.973874Z,8259,44,Medium,65535,255,2
1788776156.9739513,2026-09-07T10:15:56.973951Z,8259,44,Medium,65535,255,2
1788776157.973934,2026-09-07T10:15:57.973933Z,8259,44,Medium,65535,255,2
1788776158.9740047,2026-09-07T10:15:58.974004Z,8259,44,Medium,65535,255,2
1788776159.9739485,2026-09-07T10:15:59.973948Z,8259,44,Medium,65535,255,2
1788776160.973944,2026-09-07T10:16:00.973943Z,8259,44,Medium,65535,255,2
1788776161.9739256,2026-09-07T10:16:01.973925Z,8259,44,Medium,65535,255,2
1788776162.9739225,2026-09-07T10:16:02.973922Z,8259,44,Medium,65535,255,2
1788776163.9739485,2026-09-07T10:16:03.973948Z,8259,44,Medium,65535,255,2
1788776164.973947,2026-09-07T10:16:04.973947Z,8259,44,Medium,65535,255,2
1788776165.9739666,2026-09-07T10:16:05.973966Z,8259,44,Medium,65535,255,2
1788776166.9739487,2026-09-07T10:16:06.973948Z,8259,44,Medium,65535,255,2
1788776167.9739234,2026-09-07T10:16:07.973923Z,8259,44,Medium,65535,255,2
1788776168.973964,2026-09-07T10:16:08.973963Z,8259,44,Medium,65535,255,2
1788776169.9739497,2026-09-07T10:16:09.973949Z,8259,44,Medium,65535,255,2
1788776170.9739423,2026-09-07T10:16:10.973942Z,8259,44,Medium,65535,255,2
1788776171.9739945,2026-09-07T10:16:11.973994Z,8259,44,Medium,65535,255,2
1788776172.9739637,2026-09-07T10:16:12.973963Z,8259,44,Medium,65535,255,2
1788776173.9739742,2026-09-07T10:16:13.973974Z,8259,44,Medium,65535,255,2
1788776174.9739134,2026-09-07T10:16:14.973913Z,8259,44,Medium,65535,255,2
1788776175.9739296,2026-09-07T10:16:15.973929Z,8259,44,Medium,65535,255,2
1788776176.9739153,2026-09-07T10:16:16.973915Z,8259,44,Medium,65535,255,2
1788776177.9739077,2026-09-07T10:16:17.973907Z,8259,44,Medium,65535,255,2
1788776178.9739127,2026-09-07T10:16:18.973912Z,8259,44,Medium,65535,255,2
1788776179.9740033,2026-09-07T10:16:19.974003Z,8259,44,Medium,65535,255,2
1788776180.9739897,2026-09-07T10:16:20.973989Z,8259,44,Medium,65535,255,2
1788776181.9739501,2026-09-07T10:16:21.973950Z,8259,44,Medium,65535,255,2
1788776182.9740026,2026-09-07T10:16:22.974002Z,8259,44,Medium,65535,255,2
1788776183.9740164,2026-09-07T10:16:23.974016Z,8259,44,Medium,65535,255,2
1788776184.973918,2026-09-07T10:16:24.973917Z,8259,44,Medium,65535,255,2
1788776185.9739237,2026-09-07T10:16:25.973923Z,8259,44,Medium,65535,255,2
1788776186.974005,2026-09-07T10:16:26.974004Z,8259,44,Medium,65535,255,2
1788776187.9739797,2026-09-07T10:16:27.973979Z,8259,44,Medium,65535,255,2
1788776188.9739776,2026-09-07T10:16:28.973977Z,8259,44,Medium,65535,255,2
1788776189.973857,2026-09-07T10:16:29.973856Z,8259,44,Medium,65535,255,2
1788776190.9740028,2026-09-07T10:16:30.974002Z,8259,44,Medium,65535,255,2
1788776191.9739852,2026-09-07T10:16:31.973985Z,8259,44,Medium,65535,255,2
1788776192.973999,2026-09-07T10:16:32.973999Z,8259,44,Medium,65535,255,2
1788776193.9738953,2026-09-07T10:16:33.973895Z,8259,44,Medium,65535,255,2
1788776194.973948,2026-09-07T10:16:34.973948Z,8259,44,Medium,65535,255,2
1788776195.973886,2026-09-07T10:16:35.973886Z,8259,44,Medium,65535,255,2
1788776196.9740438,2026-09-07T10:16:36.974043Z,8259,44,Medium,65535,255,2
1788776197.9740086,2026-09-07T10:16:37.974008Z,8259,44,Medium,65535,255,2
1788776198.9739766,2026-09-07T10:16:38.973976Z,8259,44,Medium,65535,255,2
1788776199.974148,2026-09-07T10:16:39.974148Z,8259,44,Medium,65535,255,2
1788776200.9739516,2026-09-07T10:16:40.973951Z,8259,44,Medium,65535,255,2
1788776201.974006,2026-09-07T10:16:41.974005Z,8259,44,Medium,65535,255,2
1788776202.9739473,2026-09-07T10:16:42.973947Z,8259,44,Medium,65535,255,2
1788776203.9739425,2026-09-07T10:16:43.973942Z,8259,44,Medium,65535,255,2
1788776204.9739707,2026-09-07T10:16:44.973970Z,8259,44,Medium,65535,255,2
1788776205.9739828,2026-09-07T10:16:45.973982Z,8259,44,Medium,65535,255,2
1788776206.9740176,2026-09-07T10:16:46.974017Z,8259,44,Medium,65535,255,2
1788776207.9739993,2026-09-07T10:16:47.973999Z,8259,44,Medium,65535,255,2
1788776208.973987,2026-09-07T10:16:48.973987Z,8259,44,Medium,65535,255,2
1788776209.9740143,2026-09-07T10:16:49.974014Z,8259,44,Medium,65535,255,2
1788776210.9739072,2026-09-07T10:16:50.973907Z,8259,44,Medium,65535,255,2
1788776211.974012,2026-09-07T10:16:51.974011Z,8259,44,Medium,65535,255,2
1788776212.9739194,2026-09-07T10:16:52.973919Z,8259,44,Medium,65535,255,2
1788776213.973976,2026-09-07T10:16:53.973975Z,8259,44,Medium,65535,255,2
1788776214.973926,2026-09-07T10:16:54.973926Z,8259,44,Medium,65535,255,2
1788776215.9739304,2026-09-07T10:16:55.973930Z,8259,44,Medium,65535,255,2
1788776216.974008,2026-09-07T10:16:56.974008Z,8259,44,Medium,65535,255,2
1788776217.9741864,2026-09-07T10:16:57.974186Z,8259,44,Medium,65535,255,2
1788776218.9740534,2026-09-07T10:16:58.974053Z,8259,44,Medium,65535,255,2
1788776219.9739633,2026-09-07T10:16:59.973963Z,8259,44,Medium,65535,255,2
1788776220.9740584,2026-09-07T10:17:00.974058Z,8259,44,Medium,65535,255,2
1788776221.974111,2026-09-07T10:17:01.974111Z,8259,44,Medium,65535,255,2
1788776222.974057,2026-09-07T10:17:02.974056Z,8259,44,Medium,65535,255,2
1788776223.9740539,2026-09-07T10:17:03.974053Z,8259,44,Medium,65535,255,2
1788776224.9740076,2026-09-07T10:17:04.974007Z,8259,44,Medium,65535,255,2
1788776225.973884,2026-09-07T10:17:05.973884Z,8259,44,Medium,65535,255,2
1788776226.9739265,2026-09-07T10:17:06.973926Z,8259,44,Medium,65535,255,2
1788776227.973931,2026-09-07T10:17:07.973931Z,8259,44,Medium,65535,255,2
1788776228.9741292,2026-09-07T10:17:08.974129Z,8259,44,Medium,65535,255,2
1788776229.9739437,2026-09-07T10:17:09.973943Z,8259,44,Medium,65535,255,2
1788776230.973989,2026-09-07T10:17:10.973989Z,8259,44,Medium,65535,255,2
1788776231.9739017,2026-09-07T10:17:11.973901Z,8259,44,Medium,65535,255,2
1788776232.9740102,2026-09-07T10:17:12.974010Z,8259,44,Medium,65535,255,2
1788776233.9739325,2026-09-07T10:17:13.973932Z,8259,44,Medium,65535,255,2
1788776234.9740107,2026-09-07T10:17:14.974010Z,8259,44,Medium,65535,255,2
1788776235.9739716,2026-09-07T10:17:15.973971Z,8259,44,Medium,65535,255,2
1788776236.9740095,2026-09-07T10:17:16.974009Z,8259,44,Medium,65535,255,2
1788776237.9739497,2026-09-07T10:17:17.973949Z,8259,44,Medium,65535,255,2
1788776238.974006,2026-09-07T10:17:18.974005Z,8259,44,Medium,65535,255,2
1788776239.9740078,2026-09-07T10:17:19.974007Z,8259,44,Medium,65535,255,2
1788776240.9739735,2026-09-07T10:17:20.973973Z,8259,44,Medium,65535,255,2
1788776241.9740083,2026-09-07T10:17:21.974008Z,8259,44,Medium,65535,255,2
1788776242.974009,2026-09-07T10:17:22.974009Z,8259,44,Medium,65535,255,2
1788776243.9740126,2026-09-07T10:17:23.974012Z,8259,44,Medium,65535,255,2
1788776244.9739814,2026-09-07T10:17:24.973981Z,8259,44,Medium,65535,255,2
1788776245.9739761,2026-09-07T10:17:25.973976Z,8259,44,Medium,65535,255,2
1788776246.9739046,2026-09-07T10:17:26.973904Z,8259,44,Medium,65535,255,2
1788776247.9739854,2026-09-07T10:17:27.973985Z,8259,44,Medium,65535,255,2
1788776248.9739158,2026-09-07T10:17:28.973915Z,8259,44,Medium,65535,255,2
1788776249.9740076,2026-09-07T10:17:29.974007Z,8259,44,Medium,65535,255,2
1788776250.9739282,2026-09-07T10:17:30.973928Z,8259,44,Medium,65535,255,2
1788776251.9739506,2026-09-07T10:17:31.973950Z,8259,44,Medium,65535,255,2
1788776252.9739912,2026-09-07T10:17:32.973991Z,8259,44,Medium,65535,255,2
1788776253.9739425,2026-09-07T10:17:33.973942Z,8259,44,Medium,65535,255,2
1788776254.9740994,2026-09-07T10:17:34.974099Z,8259,44,Medium,65535,255,2
1788776255.9739459,2026-09-07T10:17:35.973945Z,8259,44,Medium,65535,255,2
1788776256.974213,2026-09-07T10:17:36.974212Z,8259,44,Medium,65535,255,2
1788776257.973942,2026-09-07T10:17:37.973942Z,8259,44,Medium,65535,255,2
1788776258.9738986,2026-09-07T10:17:38.973898Z,8259,44,Medium,65535,255,2
1788776259.9739797,2026-09-07T10:17:39.973979Z,8259,44,Medium,65535,255,2
1788776260.9740088,2026-09-07T10:17:40.974008Z,8259,44,Medium,65535,255,2
1788776261.9740062,2026-09-07T10:17:41.974006Z,8259,44,Medium,65535,255,2
1788776262.9739904,2026-09-07T10:17:42.973990Z,8259,44,Medium,65535,255,2
1788776263.9738867,2026-09-07T10:17:43.973886Z,8259,44,Medium,65535,255,2
1788776264.9740078,2026-09-07T10:17:44.974007Z,8259,44,Medium,65535,255,2
1788776265.9739141,2026-09-07T10:17:45.973914Z,8259,44,Medium,65535,255,2
1788776266.973999,2026-09-07T10:17:46.973999Z,8259,44,Medium,65535,255,2
1788776267.973876,2026-09-07T10:17:47.973875Z,8259,44,Medium,65535,255,2
1788776268.9740016,2026-09-07T10:17:48.974001Z,8259,44,Medium,65535,255,2
1788776269.97392,2026-09-07T10:17:49.973920Z,8259,44,Medium,65535,255,2
1788776270.9739459,2026-09-07T10:17:50.973945Z,8259,44,Medium,65535,255,2
1788776271.9738846,2026-09-07T10:17:51.973884Z,8259,44,Medium,65535,255,2
1788776272.973924,2026-09-07T10:17:52.973923Z,8259,44,Medium,65535,255,2
1788776273.9739711,2026-09-07T10:17:53.973971Z,8259,44,Medium,65535,255,2
1788776274.974187,2026-09-07T10:17:54.974186Z,8259,44,Medium,65535,255,2
1788776275.9740076,2026-09-07T10:17:55.974007Z,8259,44,Medium,65535,255,2
1788776276.9740083,2026-09-07T10:17:56.974008Z,8259,44,Medium,65535,255,2
1788776277.9739013,2026-09-07T10:17:57.973901Z,8259,44,Medium,65535,255,2
1788776278.9740057,2026-09-07T10:17:58.974005Z,8259,44,Medium,65535,255,2
1788776279.9739234,2026-09-07T10:17:59.973923Z,8259,44,Medium,65535,255,2
1788776280.9739487,2026-09-07T10:18:00.973948Z,8259,44,Medium,65535,255,2
1788776281.9740024,2026-09-07T10:18:01.974002Z,8259,44,Medium,65535,255,2
1788776282.9739816,2026-09-07T10:18:02.973981Z,8259,44,Medium,65535,255,2
1788776283.974173,2026-09-07T10:18:03.974173Z,8259,44,Medium,65535,255,2
1788776284.9738984,2026-09-07T10:18:04.973898Z,8259,44,Medium,65535,255,2
1788776285.9739914,2026-09-07T10:18:05.973991Z,8259,44,Medium,65535,255,2
1788776286.9738848,2026-09-07T10:18:06.973884Z,8259,44,Medium,65535,255,2
1788776287.9739783,2026-09-07T10:18:07.973978Z,8259,44,Medium,65535,255,2
1788776288.973839,2026-09-07T10:18:08.973839Z,8259,44,Medium,65535,255,2
1788776289.973841,2026-09-07T10:18:09.973840Z,8259,44,Medium,65535,255,2
1788776290.9738462,2026-09-07T10:18:10.973846Z,8259,44,Medium,65535,255,2
1788776291.9738367,2026-09-07T10:18:11.973836Z,8259,44,Medium,65535,255,2
1788776292.9738247,2026-09-07T10:18:12.973824Z,8259,44,Medium,65535,255,2
1788776293.974008,2026-09-07T10:18:13.974008Z,8259,44,Medium,65535,255,2
1788776294.9739783,2026-09-07T10:18:14.973978Z,8259,44,Medium,65535,255,2
1788776295.974032,2026-09-07T10:18:15.974031Z,8259,44,Medium,65535,255,2
1788776296.9740138,2026-09-07T10:18:16.974013Z,8259,44,Medium,65535,255,2
1788776297.9739125,2026-09-07T10:18:17.973912Z,8259,44,Medium,65535,255,2
1788776298.9739776,2026-09-07T10:18:18.973977Z,8259,44,Medium,65535,255,2
1788776299.974019,2026-09-07T10:18:19.974019Z,8259,44,Medium,65535,255,2
1788776300.9739137,2026-09-07T10:18:20.973913Z,8259,44,Medium,65535,255,2
1788776301.9740055,2026-09-07T10:18:21.974005Z,8259,44,Medium,65535,255,2
1788776302.9739769,2026-09-07T10:18:22.973976Z,8259,44,Medium,65535,255,2
1788776303.9739773,2026-09-07T10:18:23.973977Z,8259,44,Medium,65535,255,2
1788776304.973974,2026-09-07T10:18:24.973973Z,8259,44,Medium,65535,255,2
1788776305.9739385,2026-09-07T10:18:25.973938Z,8259,44,Medium,65535,255,2
1788776306.9740162,2026-09-07T10:18:26.974016Z,8259,44,Medium,65535,255,2
1788776307.973911,2026-09-07T10:18:27.973911Z,8259,44,Medium,65535,255,2
1788776308.973928,2026-09-07T10:18:28.973927Z,8259,44,Medium,65535,255,2
1788776309.973978,2026-09-07T10:18:29.973978Z,8259,44,Medium,65535,255,2
1788776310.9739387,2026-09-07T10:18:30.973938Z,8259,44,Medium,65535,255,2
1788776311.9739501,2026-09-07T10:18:31.973950Z,8259,44,Medium,65535,255,2
1788776312.973977,2026-09-07T10:18:32.973977Z,8259,44,Medium,65535,255,2
1788776313.9739292,2026-09-07T10:18:33.973929Z,8259,44,Medium,65535,255,2
1788776314.973971,2026-09-07T10:18:34.973970Z,8259,44,Medium,65535,255,2
1788776315.9739425,2026-09-07T10:18:35.973942Z,8259,44,Medium,65535,255,2
1788776316.973937,2026-09-07T10:18:36.973937Z,8259,44,Medium,65535,255,2
1788776317.9739447,2026-09-07T10:18:37.973944Z,8259,44,Medium,65535,255,2
1788776318.9739263,2026-09-07T10:18:38.973926Z,8259,44,Medium,65535,255,2
1788776319.9739711,2026-09-07T10:18:39.973971Z,8259,44,Medium,65535,255,2
1788776320.9739113,2026-09-07T10:18:40.973911Z,8259,44,Medium,65535,255,2
1788776321.9739203,2026-09-07T10:18:41.973920Z,8259,44,Medium,65535,255,2
1788776322.9739826,2026-09-07T10:18:42.973982Z,8259,44,Medium,65535,255,2
1788776323.9739225,2026-09-07T10:18:43.973922Z,8259,44,Medium,65535,255,2
1788776324.9740126,2026-09-07T10:18:44.974012Z,8259,44,Medium,65535,255,2
1788776325.9739316,2026-09-07T10:18:45.973931Z,8259,44,Medium,65535,255,2
1788776326.9739366,2026-09-07T10:18:46.973936Z,8259,44,Medium,65535,255,2
1788776327.9739444,2026-09-07T10:18:47.973944Z,8259,44,Medium,65535,255,2
1788776328.9738896,2026-09-07T10:18:48.973889Z,8259,44,Medium,65535,255,2
1788776329.9739223,2026-09-07T10:18:49.973922Z,8259,44,Medium,65535,255,2
1788776330.9739923,2026-09-07T10:18:50.973992Z,8259,44,Medium,65535,255,2
1788776331.973935,2026-09-07T10:18:51.973934Z,8259,44,Medium,65535,255,2
1788776332.973905,2026-09-07T10:18:52.973905Z,8259,44,Medium,65535,255,2
1788776333.973945,2026-09-07T10:18:53.973944Z,8259,44,Medium,65535,255,2
1788776334.973916,2026-09-07T10:18:54.973916Z,8259,44,Medium,65535,255,2
1788776335.9739196,2026-09-07T10:18:55.973919Z,8259,44,Medium,65535,255,2
1788776336.9740121,2026-09-07T10:18:56.974012Z,8259,44,Medium,65535,255,2
1788776337.9739168,2026-09-07T10:18:57.973916Z,8259,44,Medium,65535,255,2
1788776338.9739237,2026-09-07T10:18:58.973923Z,8259,44,Medium,65535,255,2
1788776339.9739246,2026-09-07T10:18:59.973924Z,8259,44,Medium,65535,255,2
1788776340.9739249,2026-09-07T10:19:00.973924Z,8259,44,Medium,65535,255,2
1788776341.9739203,2026-09-07T10:19:01.973920Z,8259,44,Medium,65535,255,2
1788776342.9739227,2026-09-07T10:19:02.973922Z,8259,44,Medium,65535,255,2
1788776343.9739215,2026-09-07T10:19:03.973921Z,8259,44,Medium,65535,255,2
1788776344.973917,2026-09-07T10:19:04.973917Z,8259,44,Medium,65535,255,2
1788776345.9739134,2026-09-07T10:19:05.973913Z,8259,44,Medium,65535,255,2
1788776346.9739203,2026-09-07T10:19:06.973920Z,8259,44,Medium,65535,255,2
1788776347.9739192,2026-09-07T10:19:07.973919Z,8259,44,Medium,65535,255,2
1788776348.973947,2026-09-07T10:19:08.973947Z,8259,44,Medium,65535,255,2
1788776349.9739761,2026-09-07T10:19:09.973976Z,8259,44,Medium,65535,255,2
1788776350.9739664,2026-09-07T10:19:10.973966Z,8259,44,Medium,65535,255,2
1788776351.9739778,2026-09-07T10:19:11.973977Z,8259,44,Medium,65535,255,2
1788776352.9739394,2026-09-07T10:19:12.973939Z,8259,44,Medium,65535,255,2
1788776353.9738936,2026-09-07T10:19:13.973893Z,8259,44,Medium,65535,255,2
1788776354.9739518,2026-09-07T10:19:14.973951Z,8259,44,Medium,65535,255,2
1788776355.9739287,2026-09-07T10:19:15.973928Z,8259,44,Medium,65535,255,2
1788776356.9739304,2026-09-07T10:19:16.973930Z,8259,44,Medium,65535,255,2
1788776357.9739926,2026-09-07T10:19:17.973992Z,8259,44,Medium,65535,255,2
1788776358.9739692,2026-09-07T10:19:18.973969Z,8259,44,Medium,65535,255,2
1788776359.9740088,2026-09-07T10:19:19.974008Z,8259,44,Medium,65535,255,2
1788776360.9739416,2026-09-07T10:19:20.973941Z,8259,44,Medium,65535,255,2
1788776361.9739456,2026-09-07T10:19:21.973945Z,8259,44,Medium,65535,255,2
1788776362.974017,2026-09-07T10:19:22.974016Z,8259,44,Medium,65535,255,2
1788776363.9739177,2026-09-07T10:19:23.973917Z,8259,44,Medium,65535,255,2
1788776364.9739416,2026-09-07T10:19:24.973941Z,8259,44,Medium,65535,255,2
1788776365.9739497,2026-09-07T10:19:25.973949Z,8259,44,Medium,65535,255,2
1788776366.9739265,2026-09-07T10:19:26.973926Z,8259,44,Medium,65535,255,2
1788776367.973931,2026-09-07T10:19:27.973931Z,8259,44,Medium,65535,255,2
1788776368.9739456,2026-09-07T10:19:28.973945Z,8259,44,Medium,65535,255,2
1788776369.9739368,2026-09-07T10:19:29.973936Z,8259,44,Medium,65535,255,2
1788776370.9738946,2026-09-07T10:19:30.973894Z,8259,44,Medium,65535,255,2
1788776371.973907,2026-09-07T10:19:31.973906Z,8259,44,Medium,65535,255,2
1788776372.9740071,2026-09-07T10:19:32.974007Z,8259,44,Medium,65535,255,2
1788776373.973923,2026-09-07T10:19:33.973922Z,8259,44,Medium,65535,255,2
1788776374.973983,2026-09-07T10:19:34.973983Z,8259,44,Medium,65535,255,2
1788776375.9739478,2026-09-07T10:19:35.973947Z,8259,44,Medium,65535,255,2
1788776376.973945,2026-09-07T10:19:36.973944Z,8259,44,Medium,65535,255,2
1788776377.9739153,2026-09-07T10:19:37.973915Z,8259,44,Medium,65535,255,2
1788776378.973952,2026-09-07T10:19:38.973952Z,8259,44,Medium,65535,255,2
1788776379.9739811,2026-09-07T10:19:39.973981Z,8259,44,Medium,65535,255,2
1788776380.9739795,2026-09-07T10:19:40.973979Z,8259,44,Medium,65535,255,2
1788776381.9739838,2026-09-07T10:19:41.973983Z,8259,44,Medium,65535,255,2
1788776382.9740062,2026-09-07T10:19:42.974006Z,8259,44,Medium,65535,255,2
1788776383.973894,2026-09-07T10:19:43.973893Z,8259,44,Medium,65535,255,2
1788776384.9740074,2026-09-07T10:19:44.974007Z,8259,44,Medium,65535,255,2
1788776385.9739106,2026-09-07T10:19:45.973910Z,8259,44,Medium,65535,255,2
1788776386.9739797,2026-09-07T10:19:46.973979Z,8259,44,Medium,65535,255,2
1788776387.9739003,2026-09-07T10:19:47.973900Z,8259,44,Medium,65535,255,2
1788776388.9740121,2026-09-07T10:19:48.974012Z,8259,44,Medium,65535,255,2
1788776389.973969,2026-09-07T10:19:49.973968Z,8259,44,Medium,65535,255,2
1788776390.9739773,2026-09-07T10:19:50.973977Z,8259,44,Medium,65535,255,2
1788776391.9740064,2026-09-07T10:19:51.974006Z,8259,44,Medium,65535,255,2
1788776392.9740107,2026-09-07T10:19:52.974010Z,8259,44,Medium,65535,255,2
1788776393.973915,2026-09-07T10:19:53.973915Z,8259,44,Medium,65535,255,2
1788776394.974016,2026-09-07T10:19:54.974015Z,8259,44,Medium,65535,255,2
1788776395.9740098,2026-09-07T10:19:55.974009Z,8259,44,Medium,65535,255,2
1788776396.9738595,2026-09-07T10:19:56.973859Z,8259,44,Medium,65535,255,2
1788776397.9738898,2026-09-07T10:19:57.973889Z,8259,44,Medium,65535,255,2
1788776398.9738553,2026-09-07T10:19:58.973855Z,8259,44,Medium,65535,255,2
1788776399.9739068,2026-09-07T10:19:59.973906Z,8259,44,Medium,65535,255,2
1788776400.9740179,2026-09-07T10:20:00.974017Z,8259,44,Medium,65535,255,2
1788776401.9739134,2026-09-07T10:20:01.973913Z,8259,44,Medium,65535,255,2
1788776402.9739034,2026-09-07T10:20:02.973903Z,8259,44,Medium,65535,255,2
1788776403.9739144,2026-09-07T10:20:03.973914Z,8259,44,Medium,65535,255,2
1788776404.973878,2026-09-07T10:20:04.973877Z,8259,44,Medium,65535,255,2
1788776405.9739072,2026-09-07T10:20:05.973907Z,8259,44,Medium,65535,255,2
1788776406.9738843,2026-09-07T10:20:06.973884Z,8259,44,Medium,65535,255,2
1788776407.9739113,2026-09-07T10:20:07.973911Z,8259,44,Medium,65535,255,2
1788776408.9739854,2026-09-07T10:20:08.973985Z,8259,44,Medium,65535,255,2
1788776409.9739056,2026-09-07T10:20:09.973905Z,8259,44,Medium,65535,255,2
1788776410.9738696,2026-09-07T10:20:10.973869Z,8259,44,Medium,65535,255,2
1788776411.9739194,2026-09-07T10:20:11.973919Z,8259,44,Medium,65535,255,2
1788776412.973907,2026-09-07T10:20:12.973906Z,8259,44,Medium,65535,255,2
1788776413.973973,2026-09-07T10:20:13.973973Z,8259,44,Medium,65535,255,2
1788776414.9739203,2026-09-07T10:20:14.973920Z,8259,44,Medium,65535,255,2
1788776415.973916,2026-09-07T10:20:15.973916Z,8259,44,Medium,65535,255,2
1788776416.9739237,2026-09-07T10:20:16.973923Z,8259,44,Medium,65535,255,2
1788776417.973873,2026-09-07T10:20:17.973872Z,8259,44,Medium,65535,255,2
1788776418.9739103,2026-09-07T10:20:18.973910Z,8259,44,Medium,65535,255,2
1788776419.973898,2026-09-07T10:20:19.973897Z,8259,44,Medium,65535,255,2
1788776420.9740157,2026-09-07T10:20:20.974015Z,8259,44,Medium,65535,255,2
1788776421.9738626,2026-09-07T10:20:21.973862Z,8259,44,Medium,65535,255,2
1788776422.973914,2026-09-07T10:20:22.973913Z,8259,44,Medium,65535,255,2
1788776423.9740577,2026-09-07T10:20:23.974057Z,8259,44,Medium,65535,255,2
1788776424.9739225,2026-09-07T10:20:24.973922Z,8259,44,Medium,65535,255,2
1788776425.973998,2026-09-07T10:20:25.973998Z,8259,44,Medium,65535,255,2
1788776426.9739265,2026-09-07T10:20:26.973926Z,8259,44,Medium,65535,255,2
1788776427.9738936,2026-09-07T10:20:27.973893Z,8259,44,Medium,65535,255,2
1788776428.9739327,2026-09-07T10:20:28.973932Z,8259,44,Medium,65535,255,2
1788776429.9740005,2026-09-07T10:20:29.974000Z,8259,44,Medium,65535,255,2
1788776430.97394,2026-09-07T10:20:30.973939Z,8259,44,Medium,65535,255,2
1788776431.9739726,2026-09-07T10:20:31.973972Z,8259,44,Medium,65535,255,2
1788776432.973967,2026-09-07T10:20:32.973967Z,8259,44,Medium,65535,255,2
1788776433.973904,2026-09-07T10:20:33.973903Z,8259,44,Medium,65535,255,2
1788776434.9739017,2026-09-07T10:20:34.973901Z,8259,44,Medium,65535,255,2
1788776435.9739213,2026-09-07T10:20:35.973921Z,8259,44,Medium,65535,255,2
1788776436.9739127,2026-09-07T10:20:36.973912Z,8259,44,Medium,65535,255,2
1788776437.973895,2026-09-07T10:20:37.973895Z,8259,44,Medium,65535,255,2
1788776438.9738936,2026-09-07T10:20:38.973893Z,8259,44,Medium,65535,255,2
1788776439.9738922,2026-09-07T10:20:39.973892Z,8259,44,Medium,65535,255,2
1788776440.973898,2026-09-07T10:20:40.973897Z,8259,44,Medium,65535,255,2
1788776441.9739265,2026-09-07T10:20:41.973926Z,8259,44,Medium,65535,255,2
1788776442.9739344,2026-09-07T10:20:42.973934Z,8259,44,Medium,65535,255,2
1788776443.9739237,2026-09-07T10:20:43.973923Z,8259,44,Medium,65535,255,2
1788776444.97393,2026-09-07T10:20:44.973929Z,8259,44,Medium,65535,255,2
1788776445.9739194,2026-09-07T10:20:45.973919Z,8259,44,Medium,65535,255,2
1788776446.9739215,2026-09-07T10:20:46.973921Z,8259,44,Medium,65535,255,2
1788776447.973896,2026-09-07T10:20:47.973896Z,8259,44,Medium,65535,255,2
1788776448.97393,2026-09-07T10:20:48.973929Z,8259,44,Medium,65535,255,2
1788776449.9739206,2026-09-07T10:20:49.973920Z,8259,44,Medium,65535,255,2
1788776450.9739285,2026-09-07T10:20:50.973928Z,8259,44,Medium,65535,255,2
1788776451.9739213,2026-09-07T10:20:51.973921Z,8259,44,Medium,65535,255,2
1788776452.9739065,2026-09-07T10:20:52.973906Z,8259,44,Medium,65535,255,2
1788776453.973895,2026-09-07T10:20:53.973895Z,8259,44,Medium,65535,255,2
1788776454.9739437,2026-09-07T10:20:54.973943Z,8259,44,Medium,65535,255,2
1788776455.9739115,2026-09-07T10:20:55.973911Z,8259,44,Medium,65535,255,2
1788776456.9739478,2026-09-07T10:20:56.973947Z,8259,44,Medium,65535,255,2
1788776457.9738903,2026-09-07T10:20:57.973890Z,8259,44,Medium,65535,255,2
1788776458.9740124,2026-09-07T10:20:58.974012Z,8259,44,Medium,65535,255,2
1788776459.9739296,2026-09-07T10:20:59.973929Z,8259,44,Medium,65535,255,2
1788776460.9739954,2026-09-07T10:21:00.973995Z,8259,44,Medium,65535,255,2
1788776461.9741054,2026-09-07T10:21:01.974105Z,8259,44,Medium,65535,255,2
1788776462.9739068,2026-09-07T10:21:02.973906Z,8259,44,Medium,65535,255,2
1788776463.973932,2026-09-07T10:21:03.973932Z,8259,44,Medium,65535,255,2
1788776464.973907,2026-09-07T10:21:04.973906Z,8259,44,Medium,65535,255,2
1788776465.9739661,2026-09-07T10:21:05.973966Z,8259,44,Medium,65535,255,2
1788776466.9739203,2026-09-07T10:21:06.973920Z,8259,44,Medium,65535,255,2
1788776467.973938,2026-09-07T10:21:07.973937Z,8259,44,Medium,65535,255,2
1788776468.9739153,2026-09-07T10:21:08.973915Z,8259,44,Medium,65535,255,2
1788776469.9739187,2026-09-07T10:21:09.973918Z,8259,44,Medium,65535,255,2
1788776470.9738905,2026-09-07T10:21:10.973890Z,8259,44,Medium,65535,255,2
1788776471.9738986,2026-09-07T10:21:11.973898Z,8259,44,Medium,65535,255,2
1788776472.9738843,2026-09-07T10:21:12.973884Z,8259,44,Medium,65535,255,2
1788776473.9739187,2026-09-07T10:21:13.973918Z,8259,44,Medium,65535,255,2
1788776474.9739516,2026-09-07T10:21:14.973951Z,8259,44,Medium,65535,255,2
1788776475.9739013,2026-09-07T10:21:15.973901Z,8259,44,Medium,65535,255,2
1788776476.9739208,2026-09-07T10:21:16.973920Z,8259,44,Medium,65535,255,2
1788776477.9739394,2026-09-07T10:21:17.973939Z,8259,44,Medium,65535,255,2
1788776478.9739082,2026-09-07T10:21:18.973908Z,8259,44,Medium,65535,255,2
1788776479.973968,2026-09-07T10:21:19.973968Z,8259,44,Medium,65535,255,2
1788776480.9740212,2026-09-07T10:21:20.974021Z,8259,44,Medium,65535,255,2
1788776481.973886,2026-09-07T10:21:21.973886Z,8259,44,Medium,65535,255,2
1788776482.9739833,2026-09-07T10:21:22.973983Z,8259,44,Medium,65535,255,2
1788776483.9739344,2026-09-07T10:21:23.973934Z,8259,44,Medium,65535,255,2
1788776484.9740024,2026-09-07T10:21:24.974002Z,8259,44,Medium,65535,255,2
1788776485.9739156,2026-09-07T10:21:25.973915Z,8259,44,Medium,65535,255,2
1788776486.973832,2026-09-07T10:21:26.973831Z,8259,44,Medium,65535,255,2
1788776487.9739115,2026-09-07T10:21:27.973911Z,8259,44,Medium,65535,255,2
1788776488.9738903,2026-09-07T10:21:28.973890Z,8259,44,Medium,65535,255,2
1788776489.9739647,2026-09-07T10:21:29.973964Z,8259,44,Medium,65535,255,2
1788776490.9739985,2026-09-07T10:21:30.973998Z,8259,44,Medium,65535,255,2
1788776491.9738936,2026-09-07T10:21:31.973893Z,8259,44,Medium,65535,255,2
1788776492.9739966,2026-09-07T10:21:32.973996Z,8259,44,Medium,65535,255,2
1788776493.9738927,2026-09-07T10:21:33.973892Z,8259,44,Medium,65535,255,2
1788776494.9739122,2026-09-07T10:21:34.973912Z,8259,44,Medium,65535,255,2
1788776495.9738355,2026-09-07T10:21:35.973835Z,8259,44,Medium,65535,255,2
1788776496.9738405,2026-09-07T10:21:36.973840Z,8259,44,Medium,65535,255,2
1788776497.9738302,2026-09-07T10:21:37.973830Z,8259,44,Medium,65535,255,2
1788776498.9738426,2026-09-07T10:21:38.973842Z,8259,44,Medium,65535,255,2
1788776499.9738414,2026-09-07T10:21:39.973841Z,8259,44,Medium,65535,255,2
1788776500.973837,2026-09-07T10:21:40.973836Z,8259,44,Medium,65535,255,2
1788776501.974008,2026-09-07T10:21:41.974008Z,8259,44,Medium,65535,255,2
1788776502.9740045,2026-09-07T10:21:42.974004Z,8259,44,Medium,65535,255,2
1788776503.973915,2026-09-07T10:21:43.973915Z,8259,44,Medium,65535,255,2
1788776504.9740126,2026-09-07T10:21:44.974012Z,8259,44,Medium,65535,255,2
1788776505.9740193,2026-09-07T10:21:45.974019Z,8259,44,Medium,65535,255,2
1788776506.9740064,2026-09-07T10:21:46.974006Z,8259,44,Medium,65535,255,2
1788776507.9740138,2026-09-07T10:21:47.974013Z,8259,44,Medium,65535,255,2
1788776508.9739518,2026-09-07T10:21:48.973951Z,8259,44,Medium,65535,255,2
1788776509.974012,2026-09-07T10:21:49.974011Z,8259,44,Medium,65535,255,2
1788776510.9740114,2026-09-07T10:21:50.974011Z,8259,44,Medium,65535,255,2
1788776511.9739883,2026-09-07T10:21:51.973988Z,8259,44,Medium,65535,255,2
1788776512.9739213,2026-09-07T10:21:52.973921Z,8259,44,Medium,65535,255,2
1788776513.9739707,2026-09-07T10:21:53.973970Z,8259,44,Medium,65535,255,2
1788776514.9739797,2026-09-07T10:21:54.973979Z,8259,44,Medium,65535,255,2
1788776515.9740245,2026-09-07T10:21:55.974024Z,8259,44,Medium,65535,255,2
1788776516.9739308,2026-09-07T10:21:56.973930Z,8259,44,Medium,65535,255,2
1788776517.9741185,2026-09-07T10:21:57.974118Z,8259,44,Medium,65535,255,2
1788776518.9739227,2026-09-07T10:21:58.973922Z,8259,44,Medium,65535,255,2
1788776519.9740474,2026-09-07T10:21:59.974047Z,8259,44,Medium,65535,255,2
1788776520.9740376,2026-09-07T10:22:00.974037Z,8259,44,Medium,65535,255,2
1788776521.9739933,2026-09-07T10:22:01.973993Z,8259,44,Medium,65535,255,2
1788776522.974011,2026-09-07T10:22:02.974010Z,8259,44,Medium,65535,255,2
1788776523.9741037,2026-09-07T10:22:03.974103Z,8259,44,Medium,65535,255,2
1788776524.9740148,2026-09-07T10:22:04.974014Z,8259,44,Medium,65535,255,2
1788776525.9740543,2026-09-07T10:22:05.974054Z,8259,44,Medium,65535,255,2
1788776526.9739842,2026-09-07T10:22:06.973984Z,8259,44,Medium,65535,255,2
1788776527.974053,2026-09-07T10:22:07.974052Z,8259,44,Medium,65535,255,2
1788776528.9740124,2026-09-07T10:22:08.974012Z,8259,44,Medium,65535,255,2
1788776529.9738874,2026-09-07T10:22:09.973887Z,8259,44,Medium,65535,255,2
1788776530.9739692,2026-09-07T10:22:10.973969Z,8259,44,Medium,65535,255,2
1788776531.9739833,2026-09-07T10:22:11.973983Z,8259,44,Medium,65535,255,2
1788776532.9740055,2026-09-07T10:22:12.974005Z,8259,44,Medium,65535,255,2
1788776533.9740148,2026-09-07T10:22:13.974014Z,8259,44,Medium,65535,255,2
1788776534.9740021,2026-09-07T10:22:14.974002Z,8259,44,Medium,65535,255,2
1788776535.974005,2026-09-07T10:22:15.974004Z,8259,44,Medium,65535,255,2
1788776536.9739935,2026-09-07T10:22:16.973993Z,8259,44,Medium,65535,255,2
1788776537.973917,2026-09-07T10:22:17.973917Z,8259,44,Medium,65535,255,2
1788776538.9739509,2026-09-07T10:22:18.973950Z,8259,44,Medium,65535,255,2
1788776539.9739354,2026-09-07T10:22:19.973935Z,8259,44,Medium,65535,255,2
1788776540.973991,2026-09-07T10:22:20.973990Z,8259,44,Medium,65535,255,2
1788776541.9740677,2026-09-07T10:22:21.974067Z,8259,44,Medium,65535,255,2
1788776542.9739728,2026-09-07T10:22:22.973972Z,8259,44,Medium,65535,255,2
1788776543.9740162,2026-09-07T10:22:23.974016Z,8259,44,Medium,65535,255,2
1788776544.973928,2026-09-07T10:22:24.973927Z,8259,44,Medium,65535,255,2
1788776545.9739323,2026-09-07T10:22:25.973932Z,8259,44,Medium,65535,255,2
1788776546.9739668,2026-09-07T10:22:26.973966Z,8259,44,Medium,65535,255,2
1788776547.9739184,2026-09-07T10:22:27.973918Z,8259,44,Medium,65535,255,2
1788776548.9738312,2026-09-07T10:22:28.973831Z,8259,44,Medium,65535,255,2
1788776549.9740036,2026-09-07T10:22:29.974003Z,8259,44,Medium,65535,255,2
1788776550.9739194,2026-09-07T10:22:30.973919Z,8259,44,Medium,65535,255,2
1788776551.9739437,2026-09-07T10:22:31.973943Z,8259,44,Medium,65535,255,2
1788776552.9740057,2026-09-07T10:22:32.974005Z,8259,44,Medium,65535,255,2
1788776553.9740052,2026-09-07T10:22:33.974005Z,8259,44,Medium,65535,255,2
1788776554.9740047,2026-09-07T10:22:34.974004Z,8259,44,Medium,65535,255,2
1788776555.9740102,2026-09-07T10:22:35.974010Z,8259,44,Medium,65535,255,2
1788776556.9740179,2026-09-07T10:22:36.974017Z,8259,44,Medium,65535,255,2
1788776557.9739933,2026-09-07T10:22:37.973993Z,8259,44,Medium,65535,255,2
1788776558.9739356,2026-09-07T10:22:38.973935Z,8259,44,Medium,65535,255,2
1788776559.9739287,2026-09-07T10:22:39.973928Z,8259,44,Medium,65535,255,2
1788776560.9739766,2026-09-07T10:22:40.973976Z,8259,44,Medium,65535,255,2
1788776561.9739926,2026-09-07T10:22:41.973992Z,8259,44,Medium,65535,255,2
1788776562.9739797,2026-09-07T10:22:42.973979Z,8259,44,Medium,65535,255,2
1788776563.973974,2026-09-07T10:22:43.973973Z,8259,44,Medium,65535,255,2
1788776564.9739504,2026-09-07T10:22:44.973950Z,8259,44,Medium,65535,255,2
1788776565.9739995,2026-09-07T10:22:45.973999Z,8259,44,Medium,65535,255,2
1788776566.9740028,2026-09-07T10:22:46.974002Z,8259,44,Medium,65535,255,2
1788776567.9738948,2026-09-07T10:22:47.973894Z,8259,44,Medium,65535,255,2
1788776568.9740071,2026-09-07T10:22:48.974007Z,8259,44,Medium,65535,255,2
1788776569.9739175,2026-09-07T10:22:49.973917Z,8259,44,Medium,65535,255,2
1788776570.9740005,2026-09-07T10:22:50.974000Z,8259,44,Medium,65535,255,2
1788776571.9739683,2026-09-07T10:22:51.973968Z,8259,44,Medium,65535,255,2
1788776572.9739697,2026-09-07T10:22:52.973969Z,8259,44,Medium,65535,255,2
1788776573.973995,2026-09-07T10:22:53.973994Z,8259,44,Medium,65535,255,2
1788776574.973936,2026-09-07T10:22:54.973936Z,8259,44,Medium,65535,255,2
1788776575.9740024,2026-09-07T10:22:55.974002Z,8259,44,Medium,65535,255,2
1788776576.9739678,2026-09-07T10:22:56.973967Z,8259,44,Medium,65535,255,2
1788776577.9738915,2026-09-07T10:22:57.973891Z,8259,44,Medium,65535,255,2
1788776578.9739964,2026-09-07T10:22:58.973996Z,8259,44,Medium,65535,255,2
1788776579.9739642,2026-09-07T10:22:59.973964Z,8259,44,Medium,65535,255,2
1788776580.9739,2026-09-07T10:23:00.973900Z,8259,44,Medium,65535,255,2
1788776581.9739711,2026-09-07T10:23:01.973971Z,8259,44,Medium,65535,255,2
1788776582.9739,2026-09-07T10:23:02.973900Z,8259,44,Medium,65535,255,2
1788776583.9740064,2026-09-07T10:23:03.974006Z,8259,44,Medium,65535,255,2
1788776584.974,2026-09-07T10:23:04.973999Z,8259,44,Medium,65535,255,2
1788776585.974,2026-09-07T10:23:05.973999Z,8259,44,Medium,65535,255,2
1788776586.9739826,2026-09-07T10:23:06.973982Z,8259,44,Medium,65535,255,2
1788776587.9740005,2026-09-07T10:23:07.974000Z,8259,44,Medium,65535,255,2
1788776588.9740615,2026-09-07T10:23:08.974061Z,8259,44,Medium,65535,255,2
1788776589.9739964,2026-09-07T10:23:09.973996Z,8259,44,Medium,65535,255,2
1788776590.9740093,2026-09-07T10:23:10.974009Z,8259,44,Medium,65535,255,2
1788776591.973952,2026-09-07T10:23:11.973952Z,8259,44,Medium,65535,255,2
1788776592.9739995,2026-09-07T10:23:12.973999Z,8259,44,Medium,65535,255,2
1788776593.9739964,2026-09-07T10:23:13.973996Z,8259,44,Medium,65535,255,2
1788776594.9739053,2026-09-07T10:23:14.973905Z,8259,44,Medium,65535,255,2
1788776595.973926,2026-09-07T10:23:15.973926Z,8259,44,Medium,65535,255,2
1788776596.9739802,2026-09-07T10:23:16.973980Z,8259,44,Medium,65535,255,2
1788776597.9738913,2026-09-07T10:23:17.973891Z,8259,44,Medium,65535,255,2
1788776598.973999,2026-09-07T10:23:18.973999Z,8259,44,Medium,65535,255,2
1788776599.973878,2026-09-07T10:23:19.973877Z,8259,44,Medium,65535,255,2
1788776600.9739473,2026-09-07T10:23:20.973947Z,8259,44,Medium,65535,255,2
1788776601.9738414,2026-09-07T10:23:21.973841Z,8259,44,Medium,65535,255,2
1788776602.9738321,2026-09-07T10:23:22.973832Z,8259,44,Medium,65535,255,2
1788776603.9738684,2026-09-07T10:23:23.973868Z,8259,44,Medium,65535,255,2
1788776604.9740012,2026-09-07T10:23:24.974001Z,8259,44,Medium,65535,255,2
1788776605.9739418,2026-09-07T10:23:25.973941Z,8259,44,Medium,65535,255,2
1788776606.9739945,2026-09-07T10:23:26.973994Z,8259,44,Medium,65535,255,2
1788776607.9739957,2026-09-07T10:23:27.973995Z,8259,44,Medium,65535,255,2
1788776608.9740014,2026-09-07T10:23:28.974001Z,8259,44,Medium,65535,255,2
1788776609.974005,2026-09-07T10:23:29.974004Z,8259,44,Medium,65535,255,2
1788776610.9739773,2026-09-07T10:23:30.973977Z,8259,44,Medium,65535,255,2
1788776611.9738922,2026-09-07T10:23:31.973892Z,8259,44,Medium,65535,255,2
1788776612.9739072,2026-09-07T10:23:32.973907Z,8259,44,Medium,65535,255,2
1788776613.9739437,2026-09-07T10:23:33.973943Z,8259,44,Medium,65535,255,2
1788776614.973897,2026-09-07T10:23:34.973896Z,8259,44,Medium,65535,255,2
1788776615.9739003,2026-09-07T10:23:35.973900Z,8259,44,Medium,65535,255,2
1788776616.9740815,2026-09-07T10:23:36.974081Z,8259,44,Medium,65535,255,2
1788776617.9739416,2026-09-07T10:23:37.973941Z,8259,44,Medium,65535,255,2
1788776618.973926,2026-09-07T10:23:38.973926Z,8259,44,Medium,65535,255,2
1788776619.9739385,2026-09-07T10:23:39.973938Z,8259,44,Medium,65535,255,2
1788776620.974004,2026-09-07T10:23:40.974004Z,8259,44,Medium,65535,255,2
1788776621.9739869,2026-09-07T10:23:41.973986Z,8259,44,Medium,65535,255,2
1788776622.9739363,2026-09-07T10:23:42.973936Z,8259,44,Medium,65535,255,2
1788776623.9739492,2026-09-07T10:23:43.973949Z,8259,44,Medium,65535,255,2
1788776624.9741218,2026-09-07T10:23:44.974121Z,8259,44,Medium,65535,255,2
1788776625.9738944,2026-09-07T10:23:45.973894Z,8259,44,Medium,65535,255,2
1788776626.9740126,2026-09-07T10:23:46.974012Z,8259,44,Medium,65535,255,2
1788776627.9739065,2026-09-07T10:23:47.973906Z,8259,44,Medium,65535,255,2
1788776628.9739702,2026-09-07T10:23:48.973970Z,8259,44,Medium,65535,255,2
1788776629.9739473,2026-09-07T10:23:49.973947Z,8259,44,Medium,65535,255,2
1788776630.9739976,2026-09-07T10:23:50.973997Z,8259,44,Medium,65535,255,2
1788776631.9740217,2026-09-07T10:23:51.974021Z,8259,44,Medium,65535,255,2
1788776632.9739408,2026-09-07T10:23:52.973940Z,8259,44,Medium,65535,255,2
1788776633.9739366,2026-09-07T10:23:53.973936Z,8259,44,Medium,65535,255,2
1788776634.9739485,2026-09-07T10:23:54.973948Z,8259,44,Medium,65535,255,2
1788776635.9739327,2026-09-07T10:23:55.973932Z,8259,44,Medium,65535,255,2
1788776636.9739416,2026-09-07T10:23:56.973941Z,8259,44,Medium,65535,255,2
1788776637.9740045,2026-09-07T10:23:57.974004Z,8259,44,Medium,65535,255,2
1788776638.973929,2026-09-07T10:23:58.973928Z,8259,44,Medium,65535,255,2
1788776639.973977,2026-09-07T10:23:59.973977Z,8259,44,Medium,65535,255,2
1788776640.9739065,2026-09-07T10:24:00.973906Z,8259,44,Medium,65535,255,2
1788776641.973911,2026-09-07T10:24:01.973911Z,8259,44,Medium,65535,255,2
1788776642.973915,2026-09-07T10:24:02.973915Z,8259,44,Medium,65535,255,2
1788776643.9739082,2026-09-07T10:24:03.973908Z,8259,44,Medium,65535,255,2
1788776644.9738932,2026-09-07T10:24:04.973893Z,8259,44,Medium,65535,255,2
1788776645.973902,2026-09-07T10:24:05.973901Z,8259,44,Medium,65535,255,2
1788776646.9739444,2026-09-07T10:24:06.973944Z,8259,44,Medium,65535,255,2
1788776647.9740121,2026-09-07T10:24:07.974012Z,8259,44,Medium,65535,255,2
1788776648.973914,2026-09-07T10:24:08.973913Z,8259,44,Medium,65535,255,2
1788776649.973985,2026-09-07T10:24:09.973984Z,8259,44,Medium,65535,255,2
1788776650.9740078,2026-09-07T10:24:10.974007Z,8259,44,Medium,65535,255,2
1788776651.9738958,2026-09-07T10:24:11.973895Z,8259,44,Medium,65535,255,2
1788776652.9738925,2026-09-07T10:24:12.973892Z,8259,44,Medium,65535,255,2
1788776653.9739099,2026-09-07T10:24:13.973909Z,8259,44,Medium,65535,255,2
1788776654.9738877,2026-09-07T10:24:14.973887Z,8259,44,Medium,65535,255,2
1788776655.973905,2026-09-07T10:24:15.973905Z,8259,44,Medium,65535,255,2
1788776656.9739022,2026-09-07T10:24:16.973902Z,8259,44,Medium,65535,255,2
1788776657.9738889,2026-09-07T10:24:17.973888Z,8259,44,Medium,65535,255,2
1788776658.9739096,2026-09-07T10:24:18.973909Z,8259,44,Medium,65535,255,2
1788776659.9738407,2026-09-07T10:24:19.973840Z,8259,44,Medium,65535,255,2
1788776660.9738858,2026-09-07T10:24:20.973885Z,8259,44,Medium,65535,255,2
1788776661.973832,2026-09-07T10:24:21.973831Z,8259,44,Medium,65535,255,2
1788776662.9738622,2026-09-07T10:24:22.973862Z,8259,44,Medium,65535,255,2
1788776663.9738402,2026-09-07T10:24:23.973840Z,8259,44,Medium,65535,255,2
1788776664.9738672,2026-09-07T10:24:24.973867Z,8259,44,Medium,65535,255,2
1788776665.974033,2026-09-07T10:24:25.974033Z,8259,44,Medium,65535,255,2
1788776666.9740133,2026-09-07T10:24:26.974013Z,8259,44,Medium,65535,255,2
1788776667.973922,2026-09-07T10:24:27.973922Z,8259,44,Medium,65535,255,2
1788776668.973887,2026-09-07T10:24:28.973886Z,8259,44,Medium,65535,255,2
1788776669.9738867,2026-09-07T10:24:29.973886Z,8259,44,Medium,65535,255,2
1788776670.9740047,2026-09-07T10:24:30.974004Z,8259,44,Medium,65535,255,2
1788776671.9738708,2026-09-07T10:24:31.973870Z,8259,44,Medium,65535,255,2
1788776672.9740663,2026-09-07T10:24:32.974066Z,8259,44,Medium,65535,255,2
1788776673.974005,2026-09-07T10:24:33.974004Z,8259,44,Medium,65535,255,2
1788776674.9739947,2026-09-07T10:24:34.973994Z,8259,44,Medium,65535,255,2
1788776675.973903,2026-09-07T10:24:35.973902Z,8259,44,Medium,65535,255,2
1788776676.9739764,2026-09-07T10:24:36.973976Z,8259,44,Medium,65535,255,2
1788776677.9739227,2026-09-07T10:24:37.973922Z,8259,44,Medium,65535,255,2
1788776678.9740114,2026-09-07T10:24:38.974011Z,8259,44,Medium,65535,255,2
1788776679.9739728,2026-09-07T10:24:39.973972Z,8259,44,Medium,65535,255,2
1788776680.9739053,2026-09-07T10:24:40.973905Z,8259,44,Medium,65535,255,2
1788776681.9740016,2026-09-07T10:24:41.974001Z,8259,44,Medium,65535,255,2
1788776682.9739032,2026-09-07T10:24:42.973903Z,8259,44,Medium,65535,255,2
1788776683.9740028,2026-09-07T10:24:43.974002Z,8259,44,Medium,65535,255,2
1788776684.973989,2026-09-07T10:24:44.973989Z,8259,44,Medium,65535,255,2
