timestamp,utc,src,src_ent,src_ent_label,dst,dst_ent,path_ref,start_lat,start_lon,start_z,start_z_units,end_lat,end_lon,end_z,end_z_units,speed,speed_units,lradius,flags
1788774370.017706,2026-09-07T09:46:10.017705Z,8217,27,Goto Maneuver,65535,255,1,0.0,0.0,0.0,0,1.3728439241270483,0.2942750768467145,0.0,1,2.0,0,0.0,0
1788774422.018841,2026-09-07T09:47:02.018841Z,8217,27,Goto Maneuver,65535,255,2,0.0,0.0,0.0,0,1.3728489323564164,0.29417321093501897,0.0,1,2.0,0,0.0,0
1788774482.0197954,2026-09-07T09:48:02.019795Z,8217,27,Goto Maneuver,65535,255,3,0.0,0.0,0.0,0,1.3728551188200595,0.2940294002361547,10.0,1,2.0,0,0.0,0
1788774574.5182526,2026-09-07T09:49:34.518252Z,8217,31,YoYo Maneuver,65535,255,4,0.0,0.0,0.0,0,1.3728975351449604,0.2928669304203351,0.0,0,1.5,0,0.0,4
1788775585.5179758,2026-09-07T10:06:25.517975Z,8217,27,Goto Maneuver,65535,255,5,0.0,0.0,0.0,0,1.3728924544956362,0.29271900014415964,3.0,1,2.0,0,0.0,0
1788775684.0286405,2026-09-07T10:08:04.028640Z,8217,35,Pop Up Maneuver,65535,255,6,0.0,0.0,0.0,0,1.372887079175838,0.2926261224011431,0.0,1,2.0,0,15.0,32
1788775741.0248954,2026-09-07T10:09:01.024895Z,8217,35,Pop Up Maneuver,65535,255,7,0.0,0.0,0.0,0,1.372887079175838,0.2926261224011431,0.0,1,2.0,0,15.0,48
1788775744.018365,2026-09-07T10:09:04.018364Z,8217,27,Goto Maneuver,65535,255,8,0.0,0.0,0.0,0,1.372880120499828,0.29250028803963685,0.0,1,2.0,0,0.0,0
1788775975.51801,2026-09-07T10:12:55.518009Z,8217,27,Goto Maneuver,65535,255,9,0.0,0.0,0.0,0,1.372873198402697,0.292368461565678,20.0,1,2.0,0,0.0,0
1788776062.0182774,2026-09-07T10:14:22.018277Z,8217,31,YoYo Maneuver,65535,255,10,0.0,0.0,0.0,0,1.3728165607836897,0.29094776915385073,0.0,0,1.5,0,0.0,4
1788777300.0190868,2026-09-07T10:35:00.019086Z,8217,27,Goto Maneuver,65535,255,11,0.0,0.0,0.0,0,1.372809489164748,0.29076051563970456,3.0,1,1.5,0,0.0,0
1788777460.5248907,2026-09-07T10:37:40.524890Z,8217,35,Pop Up Maneuver,65535,255,12,0.0,0.0,0.0,0,1.3728086051948365,0.2907432883164031,0.0,1,1.5,0,15.0,32
1788777481.0246608,2026-09-07T10:38:01.024660Z,8217,35,Pop Up Maneuver,65535,255,13,0.0,0.0,0.0,0,1.3728086051948365,0.2907432883164031,0.0,1,1.5,0,15.0,48
1788777484.0256433,2026-09-07T10:38:04.025643Z,8217,30,Station Keeping Maneuver,65535,255,14,0.0,0.0,0.0,0,1.3728080895439312,0.2907346746547524,0.0,1,1.5,0,0.0,2
