timestamp,utc,src,src_ent,src_ent_label,dst,dst_ent,state,error
1788774365.776066,2026-09-07T09:46:05.776066Z,8217,98,SILCAM,65535,255,0,
1788774369.0186877,2026-09-07T09:46:09.018687Z,8217,48,LBL Ranger,65535,255,0,
1788774369.5179312,2026-09-07T09:46:09.517931Z,8217,25,Multiplexer Maneuver,65535,255,5,
1788774369.5180433,2026-09-07T09:46:09.518043Z,8217,25,Multiplexer Maneuver,65535,255,6,
1788774369.5180595,2026-09-07T09:46:09.518059Z,8217,25,Multiplexer Maneuver,65535,255,0,
1788774370.0174816,2026-09-07T09:46:10.017481Z,8217,25,Multiplexer Maneuver,65535,255,2,
1788774370.0175195,2026-09-07T09:46:10.017519Z,8217,25,Multiplexer Maneuver,65535,255,3,
1788774370.0175343,2026-09-07T09:46:10.017534Z,8217,25,Multiplexer Maneuver,65535,255,1,
1788774370.0179212,2026-09-07T09:46:10.017921Z,8217,21,Path Control,65535,255,2,
1788774370.0179973,2026-09-07T09:46:10.017997Z,8217,21,Path Control,65535,255,3,
1788774370.0180118,2026-09-07T09:46:10.018011Z,8217,21,Path Control,65535,255,1,
1788774370.0219955,2026-09-07T09:46:10.021995Z,8217,20,Speed Control,65535,255,2,
1788774370.0220258,2026-09-07T09:46:10.022025Z,8217,20,Speed Control,65535,255,3,
1788774370.02204,2026-09-07T09:46:10.022039Z,8217,20,Speed Control,65535,255,1,
1788774370.0221233,2026-09-07T09:46:10.022123Z,8217,12,Attitude,65535,255,2,
1788774370.022153,2026-09-07T09:46:10.022152Z,8217,12,Attitude,65535,255,3,
1788774370.0221698,2026-09-07T09:46:10.022169Z,8217,12,Attitude,65535,255,1,
1788774370.0223305,2026-09-07T09:46:10.022330Z,8217,11,Allocator,65535,255,2,
1788774370.0223591,2026-09-07T09:46:10.022359Z,8217,11,Allocator,65535,255,3,
1788774370.0223749,2026-09-07T09:46:10.022374Z,8217,11,Allocator,65535,255,1,
1788774370.0559628,2026-09-07T09:46:10.055962Z,8217,18,Diving,65535,255,2,
1788774370.0560062,2026-09-07T09:46:10.056006Z,8217,18,Diving,65535,255,3,
1788774370.0560226,2026-09-07T09:46:10.056022Z,8217,18,Diving,65535,255,1,
1788774421.2264733,2026-09-07T09:47:01.226473Z,8217,98,SILCAM,65535,255,0,
1788774421.3748972,2026-09-07T09:47:01.374897Z,8217,25,Multiplexer Maneuver,65535,255,5,
1788774421.374948,2026-09-07T09:47:01.374948Z,8217,25,Multiplexer Maneuver,65535,255,6,
1788774421.3749642,2026-09-07T09:47:01.374964Z,8217,25,Multiplexer Maneuver,65535,255,0,
1788774421.5181596,2026-09-07T09:47:01.518159Z,8217,48,LBL Ranger,65535,255,0,
1788774422.0187554,2026-09-07T09:47:02.018755Z,8217,25,Multiplexer Maneuver,65535,255,2,
1788774422.0187948,2026-09-07T09:47:02.018794Z,8217,25,Multiplexer Maneuver,65535,255,3,
1788774422.01881,2026-09-07T09:47:02.018810Z,8217,25,Multiplexer Maneuver,65535,255,1,
1788774480.7783272,2026-09-07T09:48:00.778327Z,8217,98,SILCAM,65535,255,0,
1788774481.1748722,2026-09-07T09:48:01.174872Z,8217,25,Multiplexer Maneuver,65535,255,5,
1788774481.1749249,2026-09-07T09:48:01.174924Z,8217,25,Multiplexer Maneuver,65535,255,6,
1788774481.1749415,2026-09-07T09:48:01.174941Z,8217,25,Multiplexer Maneuver,65535,255,0,
1788774481.5181181,2026-09-07T09:48:01.518118Z,8217,48,LBL Ranger,65535,255,0,
1788774482.0197248,2026-09-07T09:48:02.019724Z,8217,25,Multiplexer Maneuver,65535,255,2,
1788774482.0197623,2026-09-07T09:48:02.019762Z,8217,25,Multiplexer Maneuver,65535,255,3,
1788774482.0197773,2026-09-07T09:48:02.019777Z,8217,25,Multiplexer Maneuver,65535,255,1,
1788774573.476232,2026-09-07T09:49:33.476232Z,8217,98,SILCAM,65535,255,0,
1788774573.9748442,2026-09-07T09:49:33.974844Z,8217,25,Multiplexer Maneuver,65535,255,5,
1788774573.9748907,2026-09-07T09:49:33.974890Z,8217,25,Multiplexer Maneuver,65535,255,6,
1788774573.9749064,2026-09-07T09:49:33.974906Z,8217,25,Multiplexer Maneuver,65535,255,0,
1788774574.0200503,2026-09-07T09:49:34.020050Z,8217,48,LBL Ranger,65535,255,0,
1788774574.5180907,2026-09-07T09:49:34.518090Z,8217,25,Multiplexer Maneuver,65535,255,2,
1788774574.5181315,2026-09-07T09:49:34.518131Z,8217,25,Multiplexer Maneuver,65535,255,3,
1788774574.518149,2026-09-07T09:49:34.518148Z,8217,25,Multiplexer Maneuver,65535,255,1,
1788774574.5183988,2026-09-07T09:49:34.518398Z,8217,11,Allocator,65535,255,5,
1788774574.5184782,2026-09-07T09:49:34.518478Z,8217,11,Allocator,65535,255,6,
1788774574.5184965,2026-09-07T09:49:34.518496Z,8217,11,Allocator,65535,255,0,
1788774574.5186245,2026-09-07T09:49:34.518624Z,8217,12,Attitude,65535,255,5,
1788774574.518653,2026-09-07T09:49:34.518652Z,8217,12,Attitude,65535,255,6,
1788774574.5186687,2026-09-07T09:49:34.518668Z,8217,12,Attitude,65535,255,0,
1788774574.5186899,2026-09-07T09:49:34.518689Z,8217,12,Attitude,65535,255,2,
1788774574.5187182,2026-09-07T09:49:34.518718Z,8217,12,Attitude,65535,255,3,
1788774574.5187361,2026-09-07T09:49:34.518736Z,8217,12,Attitude,65535,255,1,
1788774574.5188076,2026-09-07T09:49:34.518807Z,8217,20,Speed Control,65535,255,5,
1788774574.5188346,2026-09-07T09:49:34.518834Z,8217,20,Speed Control,65535,255,6,
1788774574.5188515,2026-09-07T09:49:34.518851Z,8217,20,Speed Control,65535,255,0,
1788774574.5189035,2026-09-07T09:49:34.518903Z,8217,21,Path Control,65535,255,5,
1788774574.5189438,2026-09-07T09:49:34.518943Z,8217,21,Path Control,65535,255,6,
1788774574.5189605,2026-09-07T09:49:34.518960Z,8217,21,Path Control,65535,255,0,
1788774574.518979,2026-09-07T09:49:34.518979Z,8217,21,Path Control,65535,255,2,
1788774574.5190368,2026-09-07T09:49:34.519036Z,8217,21,Path Control,65535,255,3,
1788774574.5190527,2026-09-07T09:49:34.519052Z,8217,21,Path Control,65535,255,1,
1788774574.519881,2026-09-07T09:49:34.519881Z,8217,20,Speed Control,65535,255,2,
1788774574.519919,2026-09-07T09:49:34.519918Z,8217,20,Speed Control,65535,255,3,
1788774574.5199325,2026-09-07T09:49:34.519932Z,8217,20,Speed Control,65535,255,1,
1788774574.520091,2026-09-07T09:49:34.520091Z,8217,11,Allocator,65535,255,2,
1788774574.520124,2026-09-07T09:49:34.520123Z,8217,11,Allocator,65535,255,3,
1788774574.520137,2026-09-07T09:49:34.520137Z,8217,11,Allocator,65535,255,1,
1788774574.6559346,2026-09-07T09:49:34.655934Z,8217,18,Diving,65535,255,5,
1788774574.6559901,2026-09-07T09:49:34.655990Z,8217,18,Diving,65535,255,6,
1788774574.6560059,2026-09-07T09:49:34.656005Z,8217,18,Diving,65535,255,0,
1788774574.65603,2026-09-07T09:49:34.656029Z,8217,18,Diving,65535,255,2,
1788774574.6560585,2026-09-07T09:49:34.656058Z,8217,18,Diving,65535,255,3,
1788774574.6560848,2026-09-07T09:49:34.656084Z,8217,18,Diving,65535,255,1,
1788775584.3256967,2026-09-07T10:06:24.325696Z,8217,98,SILCAM,65535,255,0,
1788775584.5746667,2026-09-07T10:06:24.574666Z,8217,25,Multiplexer Maneuver,65535,255,5,
1788775584.5747163,2026-09-07T10:06:24.574716Z,8217,25,Multiplexer Maneuver,65535,255,6,
1788775584.574732,2026-09-07T10:06:24.574732Z,8217,25,Multiplexer Maneuver,65535,255,0,
1788775585.0184336,2026-09-07T10:06:25.018433Z,8217,48,LBL Ranger,65535,255,0,
1788775585.5178432,2026-09-07T10:06:25.517843Z,8217,25,Multiplexer Maneuver,65535,255,2,
1788775585.5178792,2026-09-07T10:06:25.517879Z,8217,25,Multiplexer Maneuver,65535,255,3,
1788775585.5178947,2026-09-07T10:06:25.517894Z,8217,25,Multiplexer Maneuver,65535,255,1,
1788775585.5181448,2026-09-07T10:06:25.518144Z,8217,11,Allocator,65535,255,5,
1788775585.5182195,2026-09-07T10:06:25.518219Z,8217,11,Allocator,65535,255,6,
1788775585.5182347,2026-09-07T10:06:25.518234Z,8217,11,Allocator,65535,255,0,
1788775585.5183244,2026-09-07T10:06:25.518324Z,8217,12,Attitude,65535,255,5,
1788775585.5183513,2026-09-07T10:06:25.518351Z,8217,12,Attitude,65535,255,6,
1788775585.5183656,2026-09-07T10:06:25.518365Z,8217,12,Attitude,65535,255,0,
1788775585.5184102,2026-09-07T10:06:25.518410Z,8217,20,Speed Control,65535,255,5,
1788775585.5184352,2026-09-07T10:06:25.518435Z,8217,20,Speed Control,65535,255,6,
1788775585.5184536,2026-09-07T10:06:25.518453Z,8217,20,Speed Control,65535,255,0,
1788775585.5185082,2026-09-07T10:06:25.518508Z,8217,21,Path Control,65535,255,5,
1788775585.5185485,2026-09-07T10:06:25.518548Z,8217,21,Path Control,65535,255,6,
1788775585.5185997,2026-09-07T10:06:25.518599Z,8217,21,Path Control,65535,255,0,
1788775585.5186205,2026-09-07T10:06:25.518620Z,8217,21,Path Control,65535,255,2,
1788775585.5186841,2026-09-07T10:06:25.518684Z,8217,21,Path Control,65535,255,3,
1788775585.5187004,2026-09-07T10:06:25.518700Z,8217,21,Path Control,65535,255,1,
1788775585.519405,2026-09-07T10:06:25.519404Z,8217,12,Attitude,65535,255,2,
1788775585.5194416,2026-09-07T10:06:25.519441Z,8217,12,Attitude,65535,255,3,
1788775585.519458,2026-09-07T10:06:25.519458Z,8217,12,Attitude,65535,255,1,
1788775585.5195494,2026-09-07T10:06:25.519549Z,8217,20,Speed Control,65535,255,2,
1788775585.5196235,2026-09-07T10:06:25.519623Z,8217,20,Speed Control,65535,255,3,
1788775585.5196643,2026-09-07T10:06:25.519664Z,8217,20,Speed Control,65535,255,1,
1788775585.520154,2026-09-07T10:06:25.520153Z,8217,11,Allocator,65535,255,2,
1788775585.5201883,2026-09-07T10:06:25.520188Z,8217,11,Allocator,65535,255,3,
1788775585.520202,2026-09-07T10:06:25.520201Z,8217,11,Allocator,65535,255,1,
1788775585.6559324,2026-09-07T10:06:25.655932Z,8217,18,Diving,65535,255,5,
1788775585.6559887,2026-09-07T10:06:25.655988Z,8217,18,Diving,65535,255,6,
1788775585.6560032,2026-09-07T10:06:25.656003Z,8217,18,Diving,65535,255,0,
1788775585.6560295,2026-09-07T10:06:25.656029Z,8217,18,Diving,65535,255,2,
1788775585.6560557,2026-09-07T10:06:25.656055Z,8217,18,Diving,65535,255,3,
1788775585.6560702,2026-09-07T10:06:25.656070Z,8217,18,Diving,65535,255,1,
1788775683.1761868,2026-09-07T10:08:03.176186Z,8217,98,SILCAM,65535,255,0,
1788775683.3782985,2026-09-07T10:08:03.378298Z,8217,25,Multiplexer Maneuver,65535,255,5,
1788775683.3783488,2026-09-07T10:08:03.378348Z,8217,25,Multiplexer Maneuver,65535,255,6,
1788775683.3783636,2026-09-07T10:08:03.378363Z,8217,25,Multiplexer Maneuver,65535,255,0,
1788775683.5187078,2026-09-07T10:08:03.518707Z,8217,48,LBL Ranger,65535,255,0,
1788775684.018312,2026-09-07T10:08:04.018311Z,8217,25,Multiplexer Maneuver,65535,255,2,
1788775684.0183482,2026-09-07T10:08:04.018348Z,8217,25,Multiplexer Maneuver,65535,255,3,
1788775684.0183787,2026-09-07T10:08:04.018378Z,8217,25,Multiplexer Maneuver,65535,255,1,
1788775684.021629,2026-09-07T10:08:04.021629Z,8217,98,SILCAM,65535,255,0,
1788775717.925666,2026-09-07T10:08:37.925666Z,8217,11,Allocator,65535,255,5,
1788775717.9257495,2026-09-07T10:08:37.925749Z,8217,11,Allocator,65535,255,6,
1788775717.9257672,2026-09-07T10:08:37.925767Z,8217,11,Allocator,65535,255,0,
1788775717.9259446,2026-09-07T10:08:37.925944Z,8217,20,Speed Control,65535,255,5,
1788775717.9259784,2026-09-07T10:08:37.925978Z,8217,20,Speed Control,65535,255,6,
1788775717.9259934,2026-09-07T10:08:37.925993Z,8217,20,Speed Control,65535,255,0,
1788775717.9260986,2026-09-07T10:08:37.926098Z,8217,12,Attitude,65535,255,5,
1788775717.9261334,2026-09-07T10:08:37.926133Z,8217,12,Attitude,65535,255,6,
1788775717.9261515,2026-09-07T10:08:37.926151Z,8217,12,Attitude,65535,255,0,
1788775717.9262395,2026-09-07T10:08:37.926239Z,8217,21,Path Control,65535,255,5,
1788775717.9262857,2026-09-07T10:08:37.926285Z,8217,21,Path Control,65535,255,6,
1788775717.926299,2026-09-07T10:08:37.926299Z,8217,21,Path Control,65535,255,0,
1788775718.055947,2026-09-07T10:08:38.055947Z,8217,18,Diving,65535,255,5,
1788775718.0560057,2026-09-07T10:08:38.056005Z,8217,18,Diving,65535,255,6,
1788775718.0560203,2026-09-07T10:08:38.056020Z,8217,18,Diving,65535,255,0,
1788775741.010637,2026-09-07T10:09:01.010637Z,8217,21,Path Control,65535,255,2,
1788775741.0107143,2026-09-07T10:09:01.010714Z,8217,21,Path Control,65535,255,3,
1788775741.0107296,2026-09-07T10:09:01.010729Z,8217,21,Path Control,65535,255,1,
1788775741.0108802,2026-09-07T10:09:01.010880Z,8217,12,Attitude,65535,255,2,
1788775741.010919,2026-09-07T10:09:01.010919Z,8217,12,Attitude,65535,255,3,
1788775741.0109334,2026-09-07T10:09:01.010933Z,8217,12,Attitude,65535,255,1,
1788775741.0110297,2026-09-07T10:09:01.011029Z,8217,11,Allocator,65535,255,2,
1788775741.0110562,2026-09-07T10:09:01.011056Z,8217,11,Allocator,65535,255,3,
1788775741.011071,2026-09-07T10:09:01.011070Z,8217,11,Allocator,65535,255,1,
1788775741.025786,2026-09-07T10:09:01.025785Z,8217,20,Speed Control,65535,255,2,
1788775741.0258276,2026-09-07T10:09:01.025827Z,8217,20,Speed Control,65535,255,3,
1788775741.025842,2026-09-07T10:09:01.025841Z,8217,20,Speed Control,65535,255,1,
1788775741.0559502,2026-09-07T10:09:01.055950Z,8217,18,Diving,65535,255,2,
1788775741.0560029,2026-09-07T10:09:01.056002Z,8217,18,Diving,65535,255,3,
1788775741.0560193,2026-09-07T10:09:01.056019Z,8217,18,Diving,65535,255,1,
1788775743.125311,2026-09-07T10:09:03.125310Z,8217,25,Multiplexer Maneuver,65535,255,5,
1788775743.1253548,2026-09-07T10:09:03.125354Z,8217,25,Multiplexer Maneuver,65535,255,6,
1788775743.1253686,2026-09-07T10:09:03.125368Z,8217,25,Multiplexer Maneuver,65535,255,0,
1788775743.5181284,2026-09-07T10:09:03.518128Z,8217,48,LBL Ranger,65535,255,0,
1788775744.018294,2026-09-07T10:09:04.018294Z,8217,25,Multiplexer Maneuver,65535,255,2,
1788775744.0183318,2026-09-07T10:09:04.018331Z,8217,25,Multiplexer Maneuver,65535,255,3,
1788775744.0183468,2026-09-07T10:09:04.018346Z,8217,25,Multiplexer Maneuver,65535,255,1,
1788775974.5764155,2026-09-07T10:12:54.576415Z,8217,98,SILCAM,65535,255,0,
1788775974.6752548,2026-09-07T10:12:54.675254Z,8217,25,Multiplexer Maneuver,65535,255,5,
1788775974.6753042,2026-09-07T10:12:54.675304Z,8217,25,Multiplexer Maneuver,65535,255,6,
1788775974.675321,2026-09-07T10:12:54.675321Z,8217,25,Multiplexer Maneuver,65535,255,0,
1788775975.0188005,2026-09-07T10:12:55.018800Z,8217,48,LBL Ranger,65535,255,0,
1788775975.5179408,2026-09-07T10:12:55.517940Z,8217,25,Multiplexer Maneuver,65535,255,2,
1788775975.5179765,2026-09-07T10:12:55.517976Z,8217,25,Multiplexer Maneuver,65535,255,3,
1788775975.5179918,2026-09-07T10:12:55.517991Z,8217,25,Multiplexer Maneuver,65535,255,1,
1788776061.3257647,2026-09-07T10:14:21.325764Z,8217,98,SILCAM,65535,255,0,
1788776061.4248357,2026-09-07T10:14:21.424835Z,8217,25,Multiplexer Maneuver,65535,255,5,
1788776061.4248846,2026-09-07T10:14:21.424884Z,8217,25,Multiplexer Maneuver,65535,255,6,
1788776061.424899,2026-09-07T10:14:21.424899Z,8217,25,Multiplexer Maneuver,65535,255,0,
1788776061.518333,2026-09-07T10:14:21.518332Z,8217,48,LBL Ranger,65535,255,0,
1788776062.0181406,2026-09-07T10:14:22.018140Z,8217,25,Multiplexer Maneuver,65535,255,2,
1788776062.0181768,2026-09-07T10:14:22.018176Z,8217,25,Multiplexer Maneuver,65535,255,3,
1788776062.018192,2026-09-07T10:14:22.018192Z,8217,25,Multiplexer Maneuver,65535,255,1,
1788776062.0184524,2026-09-07T10:14:22.018452Z,8217,11,Allocator,65535,255,5,
1788776062.01853,2026-09-07T10:14:22.018529Z,8217,11,Allocator,65535,255,6,
1788776062.0185447,2026-09-07T10:14:22.018544Z,8217,11,Allocator,65535,255,0,
1788776062.018677,2026-09-07T10:14:22.018676Z,8217,12,Attitude,65535,255,5,
1788776062.0187042,2026-09-07T10:14:22.018704Z,8217,12,Attitude,65535,255,6,
1788776062.018723,2026-09-07T10:14:22.018723Z,8217,12,Attitude,65535,255,0,
1788776062.018742,2026-09-07T10:14:22.018742Z,8217,12,Attitude,65535,255,2,
1788776062.0187676,2026-09-07T10:14:22.018767Z,8217,12,Attitude,65535,255,3,
1788776062.0188644,2026-09-07T10:14:22.018864Z,8217,12,Attitude,65535,255,1,
1788776062.0189254,2026-09-07T10:14:22.018925Z,8217,20,Speed Control,65535,255,5,
1788776062.0189521,2026-09-07T10:14:22.018952Z,8217,20,Speed Control,65535,255,6,
1788776062.018969,2026-09-07T10:14:22.018969Z,8217,20,Speed Control,65535,255,0,
1788776062.0190215,2026-09-07T10:14:22.019021Z,8217,21,Path Control,65535,255,5,
1788776062.019062,2026-09-07T10:14:22.019062Z,8217,21,Path Control,65535,255,6,
1788776062.0190792,2026-09-07T10:14:22.019079Z,8217,21,Path Control,65535,255,0,
1788776062.0190985,2026-09-07T10:14:22.019098Z,8217,21,Path Control,65535,255,2,
1788776062.0191789,2026-09-07T10:14:22.019178Z,8217,21,Path Control,65535,255,3,
1788776062.0191958,2026-09-07T10:14:22.019195Z,8217,21,Path Control,65535,255,1,
1788776062.0200107,2026-09-07T10:14:22.020010Z,8217,20,Speed Control,65535,255,2,
1788776062.0200455,2026-09-07T10:14:22.020045Z,8217,20,Speed Control,65535,255,3,
1788776062.0200663,2026-09-07T10:14:22.020066Z,8217,20,Speed Control,65535,255,1,
1788776062.0202894,2026-09-07T10:14:22.020289Z,8217,11,Allocator,65535,255,2,
1788776062.0203235,2026-09-07T10:14:22.020323Z,8217,11,Allocator,65535,255,3,
1788776062.020337,2026-09-07T10:14:22.020337Z,8217,11,Allocator,65535,255,1,
1788776062.055944,2026-09-07T10:14:22.055943Z,8217,18,Diving,65535,255,5,
1788776062.0559952,2026-09-07T10:14:22.055995Z,8217,18,Diving,65535,255,6,
1788776062.0560098,2026-09-07T10:14:22.056009Z,8217,18,Diving,65535,255,0,
1788776062.0560422,2026-09-07T10:14:22.056042Z,8217,18,Diving,65535,255,2,
1788776062.0560694,2026-09-07T10:14:22.056069Z,8217,18,Diving,65535,255,3,
1788776062.056084,2026-09-07T10:14:22.056083Z,8217,18,Diving,65535,255,1,
1788777299.4249842,2026-09-07T10:34:59.424984Z,8217,25,Multiplexer Maneuver,65535,255,5,
1788777299.4250312,2026-09-07T10:34:59.425031Z,8217,25,Multiplexer Maneuver,65535,255,6,
1788777299.4250462,2026-09-07T10:34:59.425046Z,8217,25,Multiplexer Maneuver,65535,255,0,
1788777299.5179648,2026-09-07T10:34:59.517964Z,8217,48,LBL Ranger,65535,255,0,
1788777300.0189419,2026-09-07T10:35:00.018941Z,8217,25,Multiplexer Maneuver,65535,255,2,
1788777300.0189793,2026-09-07T10:35:00.018979Z,8217,25,Multiplexer Maneuver,65535,255,3,
1788777300.0190063,2026-09-07T10:35:00.019006Z,8217,25,Multiplexer Maneuver,65535,255,1,
1788777300.019227,2026-09-07T10:35:00.019227Z,8217,11,Allocator,65535,255,5,
1788777300.0193083,2026-09-07T10:35:00.019308Z,8217,11,Allocator,65535,255,6,
1788777300.0193233,2026-09-07T10:35:00.019323Z,8217,11,Allocator,65535,255,0,
1788777300.0194125,2026-09-07T10:35:00.019412Z,8217,12,Attitude,65535,255,5,
1788777300.0194395,2026-09-07T10:35:00.019439Z,8217,12,Attitude,65535,255,6,
1788777300.0194538,2026-09-07T10:35:00.019453Z,8217,12,Attitude,65535,255,0,
1788777300.0194933,2026-09-07T10:35:00.019493Z,8217,20,Speed Control,65535,255,5,
1788777300.0195222,2026-09-07T10:35:00.019522Z,8217,20,Speed Control,65535,255,6,
1788777300.0195403,2026-09-07T10:35:00.019540Z,8217,20,Speed Control,65535,255,0,
1788777300.0197077,2026-09-07T10:35:00.019707Z,8217,21,Path Control,65535,255,5,
1788777300.0197506,2026-09-07T10:35:00.019750Z,8217,21,Path Control,65535,255,6,
1788777300.019765,2026-09-07T10:35:00.019764Z,8217,21,Path Control,65535,255,0,
1788777300.0197873,2026-09-07T10:35:00.019787Z,8217,21,Path Control,65535,255,2,
1788777300.0198545,2026-09-07T10:35:00.019854Z,8217,21,Path Control,65535,255,3,
1788777300.0198712,2026-09-07T10:35:00.019871Z,8217,21,Path Control,65535,255,1,
1788777300.0209537,2026-09-07T10:35:00.020953Z,8217,12,Attitude,65535,255,2,
1788777300.0209966,2026-09-07T10:35:00.020996Z,8217,12,Attitude,65535,255,3,
1788777300.02101,2026-09-07T10:35:00.021009Z,8217,12,Attitude,65535,255,1,
1788777300.021139,2026-09-07T10:35:00.021138Z,8217,20,Speed Control,65535,255,2,
1788777300.021169,2026-09-07T10:35:00.021168Z,8217,20,Speed Control,65535,255,3,
1788777300.0211856,2026-09-07T10:35:00.021185Z,8217,20,Speed Control,65535,255,1,
1788777300.0213041,2026-09-07T10:35:00.021304Z,8217,11,Allocator,65535,255,2,
1788777300.0213532,2026-09-07T10:35:00.021353Z,8217,11,Allocator,65535,255,3,
1788777300.021367,2026-09-07T10:35:00.021367Z,8217,11,Allocator,65535,255,1,
1788777300.0559378,2026-09-07T10:35:00.055937Z,8217,18,Diving,65535,255,5,
1788777300.055992,2026-09-07T10:35:00.055991Z,8217,18,Diving,65535,255,6,
1788777300.0560055,2026-09-07T10:35:00.056005Z,8217,18,Diving,65535,255,0,
1788777300.0560296,2026-09-07T10:35:00.056029Z,8217,18,Diving,65535,255,2,
1788777300.0560558,2026-09-07T10:35:00.056055Z,8217,18,Diving,65535,255,3,
1788777300.0560699,2026-09-07T10:35:00.056069Z,8217,18,Diving,65535,255,1,
1788777313.7267642,2026-09-07T10:35:13.726764Z,8217,98,SILCAM,65535,255,0,
1788777459.57583,2026-09-07T10:37:39.575829Z,8217,25,Multiplexer Maneuver,65535,255,5,
1788777459.5758789,2026-09-07T10:37:39.575878Z,8217,25,Multiplexer Maneuver,65535,255,6,
1788777459.5758944,2026-09-07T10:37:39.575894Z,8217,25,Multiplexer Maneuver,65535,255,0,
1788777460.01848,2026-09-07T10:37:40.018480Z,8217,48,LBL Ranger,65535,255,0,
1788777460.517911,2026-09-07T10:37:40.517910Z,8217,25,Multiplexer Maneuver,65535,255,2,
1788777460.5179477,2026-09-07T10:37:40.517947Z,8217,25,Multiplexer Maneuver,65535,255,3,
1788777460.5179627,2026-09-07T10:37:40.517962Z,8217,25,Multiplexer Maneuver,65535,255,1,
1788777464.0267174,2026-09-07T10:37:44.026717Z,8217,98,SILCAM,65535,255,0,
1788777473.5255466,2026-09-07T10:37:53.525546Z,8217,20,Speed Control,65535,255,5,
1788777473.5256352,2026-09-07T10:37:53.525635Z,8217,20,Speed Control,65535,255,6,
1788777473.5256495,2026-09-07T10:37:53.525649Z,8217,20,Speed Control,65535,255,0,
1788777473.5257666,2026-09-07T10:37:53.525766Z,8217,11,Allocator,65535,255,5,
1788777473.5258412,2026-09-07T10:37:53.525841Z,8217,11,Allocator,65535,255,6,
1788777473.525855,2026-09-07T10:37:53.525855Z,8217,11,Allocator,65535,255,0,
1788777473.526029,2026-09-07T10:37:53.526029Z,8217,12,Attitude,65535,255,5,
1788777473.5260646,2026-09-07T10:37:53.526064Z,8217,12,Attitude,65535,255,6,
1788777473.5260794,2026-09-07T10:37:53.526079Z,8217,12,Attitude,65535,255,0,
1788777473.5261896,2026-09-07T10:37:53.526189Z,8217,21,Path Control,65535,255,5,
1788777473.5262368,2026-09-07T10:37:53.526236Z,8217,21,Path Control,65535,255,6,
1788777473.5262501,2026-09-07T10:37:53.526250Z,8217,21,Path Control,65535,255,0,
1788777473.6559422,2026-09-07T10:37:53.655942Z,8217,18,Diving,65535,255,5,
1788777473.655996,2026-09-07T10:37:53.655996Z,8217,18,Diving,65535,255,6,
1788777473.6560113,2026-09-07T10:37:53.656011Z,8217,18,Diving,65535,255,0,
1788777476.4696853,2026-09-07T10:37:56.469685Z,8217,98,SILCAM,65535,255,0,
1788777481.0119307,2026-09-07T10:38:01.011930Z,8217,21,Path Control,65535,255,2,
1788777481.0120072,2026-09-07T10:38:01.012007Z,8217,21,Path Control,65535,255,3,
1788777481.0120223,2026-09-07T10:38:01.012022Z,8217,21,Path Control,65535,255,1,
1788777481.0121863,2026-09-07T10:38:01.012186Z,8217,12,Attitude,65535,255,2,
1788777481.0122685,2026-09-07T10:38:01.012268Z,8217,12,Attitude,65535,255,3,
1788777481.0122845,2026-09-07T10:38:01.012284Z,8217,12,Attitude,65535,255,1,
1788777481.0123706,2026-09-07T10:38:01.012370Z,8217,11,Allocator,65535,255,2,
1788777481.0123975,2026-09-07T10:38:01.012397Z,8217,11,Allocator,65535,255,3,
1788777481.0124118,2026-09-07T10:38:01.012411Z,8217,11,Allocator,65535,255,1,
1788777481.0254173,2026-09-07T10:38:01.025417Z,8217,20,Speed Control,65535,255,2,
1788777481.0254593,2026-09-07T10:38:01.025459Z,8217,20,Speed Control,65535,255,3,
1788777481.0254729,2026-09-07T10:38:01.025472Z,8217,20,Speed Control,65535,255,1,
1788777481.0559494,2026-09-07T10:38:01.055949Z,8217,18,Diving,65535,255,2,
1788777481.056004,2026-09-07T10:38:01.056004Z,8217,18,Diving,65535,255,3,
1788777481.0560207,2026-09-07T10:38:01.056020Z,8217,18,Diving,65535,255,1,
1788777483.1247704,2026-09-07T10:38:03.124770Z,8217,25,Multiplexer Maneuver,65535,255,5,
1788777483.1248357,2026-09-07T10:38:03.124835Z,8217,25,Multiplexer Maneuver,65535,255,6,
1788777483.1248538,2026-09-07T10:38:03.124853Z,8217,25,Multiplexer Maneuver,65535,255,0,
1788777483.517999,2026-09-07T10:38:03.517998Z,8217,48,LBL Ranger,65535,255,0,
1788777484.0188725,2026-09-07T10:38:04.018872Z,8217,25,Multiplexer Maneuver,65535,255,2,
1788777484.0189161,2026-09-07T10:38:04.018916Z,8217,25,Multiplexer Maneuver,65535,255,3,
1788777484.0189312,2026-09-07T10:38:04.018931Z,8217,25,Multiplexer Maneuver,65535,255,1,
1788777591.8521693,2026-09-07T10:39:51.852169Z,8217,48,LBL Ranger,65535,255,0,
1788777591.8558645,2026-09-07T10:39:51.855864Z,8217,98,SILCAM,65535,255,0,
