timestamp,utc,src,src_ent,src_ent_label,dst,dst_ent,value,z_units
1788853793.416237,2026-09-08T07:49:53.416237Z,8259,22,Path Control - Bottom Track,65535,255,0.0,1
1788853817.2660124,2026-09-08T07:50:17.266012Z,8259,22,Path Control - Bottom Track,65535,255,25.0,1
1788853865.3779647,2026-09-08T07:51:05.377964Z,8259,22,Path Control - Bottom Track,65535,255,25.0,1
1788853911.877944,2026-09-08T07:51:51.877943Z,8259,22,Path Control - Bottom Track,65535,255,7.0,2
1788853972.378048,2026-09-08T07:52:52.378047Z,8259,22,Path Control - Bottom Track,65535,255,7.0,2
1788854153.8779614,2026-09-08T07:55:53.877961Z,8259,22,Path Control - Bottom Track,65535,255,7.0,2
1788854180.3779986,2026-09-08T07:56:20.377998Z,8259,22,Path Control - Bottom Track,65535,255,7.0,2
1788854358.3780653,2026-09-08T07:59:18.378065Z,8259,22,Path Control - Bottom Track,65535,255,7.0,2
1788854385.3780174,2026-09-08T07:59:45.378017Z,8259,22,Path Control - Bottom Track,65535,255,7.0,2
1788854560.8779588,2026-09-08T08:02:40.877958Z,8259,22,Path Control - Bottom Track,65535,255,7.0,2
1788854583.877992,2026-09-08T08:03:03.877991Z,8259,22,Path Control - Bottom Track,65535,255,7.0,2
1788854757.8779943,2026-09-08T08:05:57.877994Z,8259,22,Path Control - Bottom Track,65535,255,7.0,2
1788854783.3779724,2026-09-08T08:06:23.377972Z,8259,22,Path Control - Bottom Track,65535,255,7.0,2
1788854951.8779628,2026-09-08T08:09:11.877962Z,8259,22,Path Control - Bottom Track,65535,255,7.0,2
1788854977.8779376,2026-09-08T08:09:37.877937Z,8259,22,Path Control - Bottom Track,65535,255,7.0,2
1788855142.8779497,2026-09-08T08:12:22.877949Z,8259,22,Path Control - Bottom Track,65535,255,7.0,2
1788855164.8779962,2026-09-08T08:12:44.877996Z,8259,22,Path Control - Bottom Track,65535,255,7.0,2
1788855328.377985,2026-09-08T08:15:28.377985Z,8259,22,Path Control - Bottom Track,65535,255,7.0,2
1788855349.3779821,2026-09-08T08:15:49.377982Z,8259,22,Path Control - Bottom Track,65535,255,7.0,2
1788855511.8779645,2026-09-08T08:18:31.877964Z,8259,22,Path Control - Bottom Track,65535,255,7.0,2
1788855534.377948,2026-09-08T08:18:54.377948Z,8259,22,Path Control - Bottom Track,65535,255,7.0,2
1788855694.4163387,2026-09-08T08:21:34.416338Z,8259,22,Path Control - Bottom Track,65535,255,0.0,1
1788855878.3160117,2026-09-08T08:24:38.316011Z,8259,22,Path Control - Bottom Track,65535,255,0.0,1
