timestamp,utc,src,src_ent,src_ent_label,dst,dst_ent,value,speed_units
1788853788.4617214,2026-09-08T07:49:48.461721Z,8259,19,Remote Control,65535,255,0.0,2
1788853788.5617204,2026-09-08T07:49:48.561720Z,8259,19,Remote Control,65535,255,0.0,2
1788853788.6616817,2026-09-08T07:49:48.661681Z,8259,19,Remote Control,65535,255,0.0,2
1788853788.7616692,2026-09-08T07:49:48.761669Z,8259,19,Remote Control,65535,255,0.0,2
1788853788.8616712,2026-09-08T07:49:48.861671Z,8259,19,Remote Control,65535,255,0.0,2
1788853793.416255,2026-09-08T07:49:53.416254Z,8259,21,Path Control,65535,255,2.0,0
1788853817.2660275,2026-09-08T07:50:17.266027Z,8259,21,Path Control,65535,255,2.0,0
1788853865.3779743,2026-09-08T07:51:05.377974Z,8259,21,Path Control,65535,255,2.0,0
1788853911.8779464,2026-09-08T07:51:51.877946Z,8259,21,Path Control,65535,255,1.2999999523162842,0
1788853972.3780615,2026-09-08T07:52:52.378061Z,8259,21,Path Control,65535,255,1.2999999523162842,0
1788854153.8779693,2026-09-08T07:55:53.877969Z,8259,21,Path Control,65535,255,1.2999999523162842,0
1788854180.3780065,2026-09-08T07:56:20.378006Z,8259,21,Path Control,65535,255,1.2999999523162842,0
1788854358.3780866,2026-09-08T07:59:18.378086Z,8259,21,Path Control,65535,255,1.2999999523162842,0
1788854385.378052,2026-09-08T07:59:45.378051Z,8259,21,Path Control,65535,255,1.2999999523162842,0
1788854560.8779678,2026-09-08T08:02:40.877967Z,8259,21,Path Control,65535,255,1.2999999523162842,0
1788854583.8780031,2026-09-08T08:03:03.878003Z,8259,21,Path Control,65535,255,1.2999999523162842,0
1788854757.8780036,2026-09-08T08:05:57.878003Z,8259,21,Path Control,65535,255,1.2999999523162842,0
1788854783.3779817,2026-09-08T08:06:23.377981Z,8259,21,Path Control,65535,255,1.2999999523162842,0
1788854951.877971,2026-09-08T08:09:11.877970Z,8259,21,Path Control,65535,255,1.2999999523162842,0
1788854977.8779445,2026-09-08T08:09:37.877944Z,8259,21,Path Control,65535,255,1.2999999523162842,0
1788855142.8779583,2026-09-08T08:12:22.877958Z,8259,21,Path Control,65535,255,1.2999999523162842,0
1788855164.8780062,2026-09-08T08:12:44.878006Z,8259,21,Path Control,65535,255,1.2999999523162842,0
1788855328.3779953,2026-09-08T08:15:28.377995Z,8259,21,Path Control,65535,255,1.2999999523162842,0
1788855349.3779898,2026-09-08T08:15:49.377989Z,8259,21,Path Control,65535,255,1.2999999523162842,0
1788855511.8779745,2026-09-08T08:18:31.877974Z,8259,21,Path Control,65535,255,1.2999999523162842,0
1788855534.3779547,2026-09-08T08:18:54.377954Z,8259,21,Path Control,65535,255,1.2999999523162842,0
1788855694.4163415,2026-09-08T08:21:34.416341Z,8259,21,Path Control,65535,255,1.2999999523162842,0
1788855878.316017,2026-09-08T08:24:38.316016Z,8259,21,Path Control,65535,255,1.2999999523162842,0
