timestamp,utc,src,src_ent,src_ent_label,dst,dst_ent,id,label,component,act_time,deact_time
1788853788.3918285,2026-09-08T07:49:48.391828Z,8259,0,Daemon,8259,104,0,Daemon,Daemon,0,0
1788853788.3954134,2026-09-08T07:49:48.395413Z,8259,10,Text Message Parser,8259,104,10,Text Message Parser,Autonomy.TextActions,0,0
1788853788.3956742,2026-09-08T07:49:48.395674Z,8259,11,Allocator,8259,104,11,Allocator,Control.AUV.Allocator,0,0
1788853788.3959353,2026-09-08T07:49:48.395935Z,8259,12,Attitude,8259,104,12,Attitude,Control.AUV.Attitude,0,0
1788853788.3961957,2026-09-08T07:49:48.396195Z,8259,13,Roll Parcel,8259,104,13,Roll Parcel,Control.AUV.Attitude,0,0
1788853788.396484,2026-09-08T07:49:48.396483Z,8259,14,Pitch Parcel,8259,104,14,Pitch Parcel,Control.AUV.Attitude,0,0
1788853788.3967428,2026-09-08T07:49:48.396742Z,8259,15,Depth Parcel,8259,104,15,Depth Parcel,Control.AUV.Attitude,0,0
1788853788.3970213,2026-09-08T07:49:48.397021Z,8259,16,Heading Parcel,8259,104,16,Heading Parcel,Control.AUV.Attitude,0,0
1788853788.3972616,2026-09-08T07:49:48.397261Z,8259,17,Heading Rate Parcel,8259,104,17,Heading Rate Parcel,Control.AUV.Attitude,0,0
1788853788.398077,2026-09-08T07:49:48.398077Z,8259,20,Speed Control,8259,104,20,Speed Control,Control.AUV.Speed,0,0
1788853788.3983572,2026-09-08T07:49:48.398357Z,8259,21,Path Control,8259,104,21,Path Control,Control.Path.VectorField,0,0
1788853788.3986187,2026-09-08T07:49:48.398618Z,8259,22,Path Control - Bottom Track,8259,104,22,Path Control - Bottom Track,Control.Path.VectorField,0,0
1788853788.3988917,2026-09-08T07:49:48.398891Z,8259,23,Compass Calibration Maneuver,8259,104,23,Compass Calibration Maneuver,Maneuver.CompassCalibration,0,0
1788853788.399165,2026-09-08T07:49:48.399164Z,8259,24,Endurance Test Maneuver,8259,104,24,Endurance Test Maneuver,Maneuver.EnduranceTest,0,0
1788853788.3994453,2026-09-08T07:49:48.399445Z,8259,25,Follow Reference Maneuver,8259,104,25,Follow Reference Maneuver,Maneuver.FollowReference,0,0
1788853788.399719,2026-09-08T07:49:48.399719Z,8259,26,Multiplexer Maneuver,8259,104,26,Multiplexer Maneuver,Maneuver.Multiplexer,0,0
1788853788.400049,2026-09-08T07:49:48.400048Z,8259,27,Idle Maneuver,8259,104,27,Idle Maneuver,Maneuver.Multiplexer,0,0
1788853788.4003284,2026-09-08T07:49:48.400328Z,8259,28,Goto Maneuver,8259,104,28,Goto Maneuver,Maneuver.Multiplexer,0,0
1788853788.4006076,2026-09-08T07:49:48.400607Z,8259,29,Launch Maneuver,8259,104,29,Launch Maneuver,Maneuver.Multiplexer,0,0
1788853788.4008512,2026-09-08T07:49:48.400851Z,8259,30,Loiter Maneuver,8259,104,30,Loiter Maneuver,Maneuver.Multiplexer,0,0
1788853788.4011528,2026-09-08T07:49:48.401152Z,8259,31,Station Keeping Maneuver,8259,104,31,Station Keeping Maneuver,Maneuver.Multiplexer,0,0
1788853788.4014235,2026-09-08T07:49:48.401423Z,8259,32,YoYo Maneuver,8259,104,32,YoYo Maneuver,Maneuver.Multiplexer,0,0
1788853788.4017067,2026-09-08T07:49:48.401706Z,8259,33,Rows Maneuver,8259,104,33,Rows Maneuver,Maneuver.Multiplexer,0,0
1788853788.4019203,2026-09-08T07:49:48.401920Z,8259,34,Follow Path Maneuver,8259,104,34,Follow Path Maneuver,Maneuver.Multiplexer,0,0
1788853788.402164,2026-09-08T07:49:48.402163Z,8259,35,Elevator Maneuver,8259,104,35,Elevator Maneuver,Maneuver.Multiplexer,0,0
1788853788.4022408,2026-09-08T07:49:48.402240Z,8259,98,Service Discovery,8259,104,98,Service Discovery,Transports.Discovery,0,0
1788853788.4024065,2026-09-08T07:49:48.402406Z,8259,36,Pop Up Maneuver,8259,104,36,Pop Up Maneuver,Maneuver.Multiplexer,0,0
1788853788.4026701,2026-09-08T07:49:48.402670Z,8259,37,Dislodge Maneuver,8259,104,37,Dislodge Maneuver,Maneuver.Multiplexer,0,0
1788853788.402916,2026-09-08T07:49:48.402915Z,8259,38,Alignment Maneuver,8259,104,38,Alignment Maneuver,Maneuver.Multiplexer,0,0
1788853788.4031801,2026-09-08T07:49:48.403180Z,8259,39,Magnetometer Maneuver,8259,104,39,Magnetometer Maneuver,Maneuver.Multiplexer,0,0
1788853788.403517,2026-09-08T07:49:48.403517Z,8259,40,Teleoperation Maneuver,8259,104,40,Teleoperation Maneuver,Maneuver.Teleoperation,0,0
1788853788.4041874,2026-09-08T07:49:48.404187Z,8259,43,Health Monitor,8259,104,43,Health Monitor,Monitors.Health,0,0
1788853788.4046848,2026-09-08T07:49:48.404684Z,8259,41,Collisions,8259,104,41,Collisions,Monitors.Collisions,0,0
1788853788.4047132,2026-09-08T07:49:48.404713Z,8259,42,Entity Monitor,8259,104,42,Entity Monitor,Monitors.Entities,0,0
1788853788.40523,2026-09-08T07:49:48.405230Z,8259,47,Servo Monitor,8259,104,47,Servo Monitor,Monitors.Servos,0,0
1788853788.4054565,2026-09-08T07:49:48.405456Z,8259,48,Tachograph,8259,104,48,Tachograph,Monitors.Tachograph,0,0
1788853788.4060524,2026-09-08T07:49:48.406052Z,8259,50,LBL Ranger,8259,104,50,LBL Ranger,Navigation.AUV.Ranger,0,0
1788853788.4062603,2026-09-08T07:49:48.406260Z,8259,51,Plan Engine,8259,104,51,Plan Engine,Plan.Engine,0,0
1788853788.4064727,2026-09-08T07:49:48.406472Z,8259,52,Plan Generator,8259,104,52,Plan Generator,Plan.Generator,0,0
1788853788.4067106,2026-09-08T07:49:48.406710Z,8259,53,Power Supply,8259,104,53,Power Supply,Power.PCTLv3,0,0
1788853788.4071178,2026-09-08T07:49:48.407117Z,8259,54,Battery Pack 0,8259,104,54,Battery Pack 0,Power.PCTLv3,0,0
1788853788.4072802,2026-09-08T07:49:48.407280Z,8259,55,Battery Pack 1,8259,104,55,Battery Pack 1,Power.PCTLv3,0,0
1788853788.407551,2026-09-08T07:49:48.407551Z,8259,56,Battery Pack 2,8259,104,56,Battery Pack 2,Power.PCTLv3,0,0
1788853788.4077768,2026-09-08T07:49:48.407776Z,8259,57,Battery Pack 3,8259,104,57,Battery Pack 3,Power.PCTLv3,0,0
1788853788.408008,2026-09-08T07:49:48.408008Z,8259,58,Battery Pack 4,8259,104,58,Battery Pack 4,Power.PCTLv3,0,0
1788853788.4082265,2026-09-08T07:49:48.408226Z,8259,59,Battery Pack 5,8259,104,59,Battery Pack 5,Power.PCTLv3,0,0
1788853788.408454,2026-09-08T07:49:48.408453Z,8259,60,Battery Pack 6,8259,104,60,Battery Pack 6,Power.PCTLv3,0,0
1788853788.4086702,2026-09-08T07:49:48.408670Z,8259,61,Battery Pack 7,8259,104,61,Battery Pack 7,Power.PCTLv3,0,0
1788853788.408879,2026-09-08T07:49:48.408879Z,8259,62,Batteries,8259,104,62,Batteries,Power.PCTLv3,0,0
1788853788.4091027,2026-09-08T07:49:48.409102Z,8259,63,Power Supply (Payload),8259,104,63,Power Supply (Payload),Power.PCTLv3,0,0
1788853788.409342,2026-09-08T07:49:48.409342Z,8259,64,Power Supply (+12VDC),8259,104,64,Power Supply (+12VDC),Power.PCTLv3,0,0
1788853788.4095592,2026-09-08T07:49:48.409559Z,8259,65,Power Supply (+5VDC),8259,104,65,Power Supply (+5VDC),Power.PCTLv3,0,0
1788853788.4097786,2026-09-08T07:49:48.409778Z,8259,66,Power Supply (Tail),8259,104,66,Power Supply (Tail),Power.PCTLv3,0,0
1788853788.410001,2026-09-08T07:49:48.410001Z,8259,67,Medium Sensor,8259,104,67,Medium Sensor,Power.PCTLv3,0,0
1788853788.410224,2026-09-08T07:49:48.410223Z,8259,68,Leak Sensor,8259,104,68,Leak Sensor,Power.PCTLv3,0,0
1788853788.410523,2026-09-08T07:49:48.410522Z,8259,69,Sidescan,8259,104,69,Sidescan,Sensors.ARCScoutMkII,20,10
1788853788.4133039,2026-09-08T07:49:48.413303Z,8259,76,Multibeam,8259,104,76,Multibeam,Sensors.Imagenex837B,20,0
1788853788.4133575,2026-09-08T07:49:48.413357Z,8259,77,Echo Sounder,8259,104,77,Echo Sounder,Sensors.Imagenex852,0,0
1788853788.4146986,2026-09-08T07:49:48.414698Z,8259,89,Power Supervisor,8259,104,89,Power Supervisor,Supervisors.Power,0,0
1788853788.41511,2026-09-08T07:49:48.415110Z,8259,91,Report Supervisor,8259,104,91,Report Supervisor,Supervisors.Reporter,0,0
1788853788.4157372,2026-09-08T07:49:48.415737Z,8259,94,Zerotier Service,8259,104,94,Zerotier Service,Supervisors.SystemService/zerotier,0,0
1788853788.4159312,2026-09-08T07:49:48.415931Z,8259,49,Navigation,8259,104,49,Navigation,Navigation.AUV.Navigation,0,0
1788853788.4165287,2026-09-08T07:49:48.416528Z,8259,97,Cache,8259,104,97,Cache,Transports.Cache,0,0
1788853788.4169347,2026-09-08T07:49:48.416934Z,8259,99,Acoustic Modem,8259,104,99,Acoustic Modem,Transports.Evologics,30,0
1788853788.417157,2026-09-08T07:49:48.417156Z,8259,100,GSM,8259,104,100,GSM,Transports.GSM,0,0
1788853788.4176066,2026-09-08T07:49:48.417606Z,8259,102,Iridium Modem,8259,104,102,Iridium Modem,Transports.IridiumSBD,0,0
1788853788.418108,2026-09-08T07:49:48.418107Z,8259,105,Mobile Internet,8259,104,105,Mobile Internet,Transports.Qualcomm,5,0
1788853788.4184487,2026-09-08T07:49:48.418448Z,8259,107,Acoustic Access Controller,8259,104,107,Acoustic Access Controller,Transports.UAN,0,0
1788853788.4186163,2026-09-08T07:49:48.418616Z,8259,108,UDP,8259,104,108,UDP,Transports.UDP,0,0
1788853788.4193146,2026-09-08T07:49:48.419314Z,8259,103,Log Book,8259,104,103,Log Book,Transports.LogBook,0,0
1788853788.4198916,2026-09-08T07:49:48.419891Z,8259,104,Logger,8259,104,104,Logger,Transports.Logging,0,0
1788853788.4213378,2026-09-08T07:49:48.421337Z,8259,106,TCP Server (Settings),8259,104,106,TCP Server (Settings),Transports.TCP.Server/Settings,0,0
1788853788.4264123,2026-09-08T07:49:48.426412Z,8259,78,AHRS,8259,104,78,AHRS,Sensors.MicrostrainMIP,0,0
1788853788.4398994,2026-09-08T07:49:48.439899Z,8259,5,Servo Controller,8259,104,5,Servo Controller,Actuators.SCRTv4,0,0
1788853788.4400985,2026-09-08T07:49:48.440098Z,8259,6,Servo Controller - Servo 0,8259,104,6,Servo Controller - Servo 0,Actuators.SCRTv4,0,0
1788853788.4401069,2026-09-08T07:49:48.440106Z,8259,7,Servo Controller - Servo 1,8259,104,7,Servo Controller - Servo 1,Actuators.SCRTv4,0,0
1788853788.4401085,2026-09-08T07:49:48.440108Z,8259,8,Servo Controller - Servo 2,8259,104,8,Servo Controller - Servo 2,Actuators.SCRTv4,0,0
1788853788.4401104,2026-09-08T07:49:48.440110Z,8259,9,Servo Controller - Servo 3,8259,104,9,Servo Controller - Servo 3,Actuators.SCRTv4,0,0
1788853788.4613976,2026-09-08T07:49:48.461397Z,8259,18,Diving,8259,104,18,Diving,Control.AUV.Diving,0,0
1788853788.4616742,2026-09-08T07:49:48.461674Z,8259,19,Remote Control,8259,104,19,Remote Control,Control.AUV.RemoteOperation,0,0
1788853788.4713898,2026-09-08T07:49:48.471389Z,8259,79,DVL,8259,104,79,DVL,Sensors.NortekDVL,50,5
1788853788.4715219,2026-09-08T07:49:48.471521Z,8259,80,DVL - Beam 0,8259,104,80,DVL - Beam 0,Sensors.NortekDVL,0,0
1788853788.4715328,2026-09-08T07:49:48.471532Z,8259,81,DVL - Beam 1,8259,104,81,DVL - Beam 1,Sensors.NortekDVL,0,0
1788853788.4715343,2026-09-08T07:49:48.471534Z,8259,82,DVL - Beam 2,8259,104,82,DVL - Beam 2,Sensors.NortekDVL,0,0
1788853788.4715364,2026-09-08T07:49:48.471536Z,8259,83,DVL - Beam 3,8259,104,83,DVL - Beam 3,Sensors.NortekDVL,0,0
1788853788.4715376,2026-09-08T07:49:48.471537Z,8259,84,DVL Filtered,8259,104,84,DVL Filtered,Sensors.NortekDVL,0,0
1788853788.475141,2026-09-08T07:49:48.475141Z,8259,70,CTD,8259,104,70,CTD,Sensors.AmlX,5,0
1788853788.4780715,2026-09-08T07:49:48.478071Z,8259,1,Motor Controller,8259,104,1,Motor Controller,Actuators.Broom,0,0
1788853788.4782004,2026-09-08T07:49:48.478200Z,8259,2,Motor,8259,104,2,Motor,Actuators.Broom,0,0
1788853788.478206,2026-09-08T07:49:48.478205Z,8259,3,Motor Controller (Bridge),8259,104,3,Motor Controller (Bridge),Actuators.Broom,0,0
1788853788.4782112,2026-09-08T07:49:48.478211Z,8259,4,Motor Controller (MCU),8259,104,4,Motor Controller (MCU),Actuators.Broom,0,0
1788853788.6151168,2026-09-08T07:49:48.615116Z,8259,46,Operational Limits,8259,104,46,Operational Limits,Monitors.OperationalLimits,0,0
1788853788.6852286,2026-09-08T07:49:48.685228Z,8259,101,HTTP Server,8259,104,101,HTTP Server,Transports.HTTP,0,0
1788853788.6854658,2026-09-08T07:49:48.685465Z,8259,101,HTTP Server,8259,104,101,HTTP Server,Transports.HTTP,0,0
1788853788.739217,2026-09-08T07:49:48.739217Z,8259,109,LEDs,8259,104,109,LEDs,UserInterfaces.LEDs,0,0
1788853788.864608,2026-09-08T07:49:48.864608Z,8259,44,Medium,8259,104,44,Medium,Monitors.Medium,0,0
1788853788.864709,2026-09-08T07:49:48.864708Z,8259,44,Medium,8259,104,44,Medium,Monitors.Medium,0,0
1788853788.8648045,2026-09-08T07:49:48.864804Z,8259,45,Navigation Monitor,8259,104,45,Navigation Monitor,Monitors.Navigation,0,0
1788853788.8649168,2026-09-08T07:49:48.864916Z,8259,45,Navigation Monitor,8259,104,45,Navigation Monitor,Monitors.Navigation,0,0
1788853788.86964,2026-09-08T07:49:48.869640Z,8259,88,GPIO Supervisor,8259,104,88,GPIO Supervisor,Supervisors.CgosGPIO,0,0
1788853788.8765965,2026-09-08T07:49:48.876596Z,8259,90,Recovery Supervisor,8259,104,90,Recovery Supervisor,Supervisors.Recovery,0,0
1788853788.8766704,2026-09-08T07:49:48.876670Z,8259,90,Recovery Supervisor,8259,104,90,Recovery Supervisor,Supervisors.Recovery,0,0
1788853788.8772185,2026-09-08T07:49:48.877218Z,8259,93,Storage Supervisor,8259,104,93,Storage Supervisor,Supervisors.Storage,0,0
1788853788.8772788,2026-09-08T07:49:48.877278Z,8259,93,Storage Supervisor,8259,104,93,Storage Supervisor,Supervisors.Storage,0,0
1788853788.878135,2026-09-08T07:49:48.878134Z,8259,95,Vehicle Supervisor,8259,104,95,Vehicle Supervisor,Supervisors.Vehicle,0,0
1788853789.0167933,2026-09-08T07:49:49.016793Z,8259,76,Multibeam,8259,104,76,Multibeam,Sensors.Imagenex837B,20,0
1788853789.0171893,2026-09-08T07:49:49.017189Z,8259,69,Sidescan,8259,104,69,Sidescan,Sensors.ARCScoutMkII,20,10
1788853789.0202644,2026-09-08T07:49:49.020264Z,8259,85,IO Bridge,8259,104,85,IO Bridge,Sensors.OSMIO,5,5
1788853789.0202808,2026-09-08T07:49:49.020280Z,8259,86,Clock,8259,104,86,Clock,Sensors.OSMIO,0,0
1788853789.0202851,2026-09-08T07:49:49.020285Z,8259,87,Synthetic Clock,8259,104,87,Synthetic Clock,Sensors.OSMIO,0,0
1788853789.0204508,2026-09-08T07:49:49.020450Z,8259,85,IO Bridge,8259,104,85,IO Bridge,Sensors.OSMIO,5,5
1788853789.0204759,2026-09-08T07:49:49.020475Z,8259,86,Clock,8259,104,86,Clock,Sensors.OSMIO,0,0
1788853789.0204787,2026-09-08T07:49:49.020478Z,8259,87,Synthetic Clock,8259,104,87,Synthetic Clock,Sensors.OSMIO,0,0
1788853789.0322168,2026-09-08T07:49:49.032216Z,8259,96,Service Announcer,8259,104,96,Service Announcer,Transports.Announce/Hardware,0,0
1788853789.0323038,2026-09-08T07:49:49.032303Z,8259,96,Service Announcer,8259,104,96,Service Announcer,Transports.Announce/Hardware,0,0
1788853789.0327203,2026-09-08T07:49:49.032720Z,8259,98,Service Discovery,8259,104,98,Service Discovery,Transports.Discovery,0,0
1788853789.1080945,2026-09-08T07:49:49.108094Z,8259,71,GPS,8259,104,71,GPS,Sensors.GPS,20,0
1788853789.108111,2026-09-08T07:49:49.108110Z,8259,72,GPS - Constellation GPS,8259,104,72,GPS - Constellation GPS,Sensors.GPS,0,0
1788853789.1081133,2026-09-08T07:49:49.108113Z,8259,73,GPS - Constellation GLONASS,8259,104,73,GPS - Constellation GLONASS,Sensors.GPS,0,0
1788853789.1081157,2026-09-08T07:49:49.108115Z,8259,74,GPS - Constellation BEIDOU,8259,104,74,GPS - Constellation BEIDOU,Sensors.GPS,0,0
1788853789.1081188,2026-09-08T07:49:49.108118Z,8259,75,GPS - Constellation GALILEO,8259,104,75,GPS - Constellation GALILEO,Sensors.GPS,0,0
1788853789.876992,2026-09-08T07:49:49.876991Z,8259,92,Safety Supervisor,8259,104,92,Safety Supervisor,Supervisors.Safety,0,0
1788853789.8771195,2026-09-08T07:49:49.877119Z,8259,92,Safety Supervisor,8259,104,92,Safety Supervisor,Supervisors.Safety,0,0
1788853792.3785846,2026-09-08T07:49:52.378584Z,8259,50,LBL Ranger,8259,104,50,LBL Ranger,Navigation.AUV.Ranger,0,0
1788853864.8781536,2026-09-08T07:51:04.878153Z,8259,50,LBL Ranger,8259,104,50,LBL Ranger,Navigation.AUV.Ranger,0,0
1788853865.3783398,2026-09-08T07:51:05.378339Z,8259,76,Multibeam,8259,104,76,Multibeam,Sensors.Imagenex837B,20,0
1788853865.3784294,2026-09-08T07:51:05.378429Z,8259,69,Sidescan,8259,104,69,Sidescan,Sensors.ARCScoutMkII,20,10
1788853911.3782132,2026-09-08T07:51:51.378213Z,8259,50,LBL Ranger,8259,104,50,LBL Ranger,Navigation.AUV.Ranger,0,0
1788853911.8783402,2026-09-08T07:51:51.878340Z,8259,76,Multibeam,8259,104,76,Multibeam,Sensors.Imagenex837B,20,0
1788853911.8784266,2026-09-08T07:51:51.878426Z,8259,69,Sidescan,8259,104,69,Sidescan,Sensors.ARCScoutMkII,20,10
1788853951.0663633,2026-09-08T07:52:31.066363Z,8259,69,Sidescan,8259,104,69,Sidescan,Sensors.ARCScoutMkII,20,10
1788853951.0665221,2026-09-08T07:52:31.066522Z,8259,76,Multibeam,8259,104,76,Multibeam,Sensors.Imagenex837B,20,0
1788853971.8782067,2026-09-08T07:52:51.878206Z,8259,50,LBL Ranger,8259,104,50,LBL Ranger,Navigation.AUV.Ranger,0,0
1788854153.3782473,2026-09-08T07:55:53.378247Z,8259,50,LBL Ranger,8259,104,50,LBL Ranger,Navigation.AUV.Ranger,0,0
1788854153.8847482,2026-09-08T07:55:53.884748Z,8259,69,Sidescan,8259,104,69,Sidescan,Sensors.ARCScoutMkII,20,10
1788854153.9372747,2026-09-08T07:55:53.937274Z,8259,76,Multibeam,8259,104,76,Multibeam,Sensors.Imagenex837B,20,0
1788854179.878256,2026-09-08T07:56:19.878256Z,8259,50,LBL Ranger,8259,104,50,LBL Ranger,Navigation.AUV.Ranger,0,0
1788854180.3956482,2026-09-08T07:56:20.395648Z,8259,69,Sidescan,8259,104,69,Sidescan,Sensors.ARCScoutMkII,20,10
1788854180.4485707,2026-09-08T07:56:20.448570Z,8259,76,Multibeam,8259,104,76,Multibeam,Sensors.Imagenex837B,20,0
1788854357.8782082,2026-09-08T07:59:17.878208Z,8259,50,LBL Ranger,8259,104,50,LBL Ranger,Navigation.AUV.Ranger,0,0
1788854369.246694,2026-09-08T07:59:29.246694Z,8259,69,Sidescan,8259,104,69,Sidescan,Sensors.ARCScoutMkII,20,10
1788854369.3321335,2026-09-08T07:59:29.332133Z,8259,76,Multibeam,8259,104,76,Multibeam,Sensors.Imagenex837B,20,0
1788854384.8782213,2026-09-08T07:59:44.878221Z,8259,50,LBL Ranger,8259,104,50,LBL Ranger,Navigation.AUV.Ranger,0,0
1788854385.3885877,2026-09-08T07:59:45.388587Z,8259,76,Multibeam,8259,104,76,Multibeam,Sensors.Imagenex837B,20,0
1788854385.4169335,2026-09-08T07:59:45.416933Z,8259,69,Sidescan,8259,104,69,Sidescan,Sensors.ARCScoutMkII,20,10
1788854560.3782718,2026-09-08T08:02:40.378271Z,8259,50,LBL Ranger,8259,104,50,LBL Ranger,Navigation.AUV.Ranger,0,0
1788854560.8798704,2026-09-08T08:02:40.879870Z,8259,69,Sidescan,8259,104,69,Sidescan,Sensors.ARCScoutMkII,20,10
1788854560.9253263,2026-09-08T08:02:40.925326Z,8259,76,Multibeam,8259,104,76,Multibeam,Sensors.Imagenex837B,20,0
1788854583.3785653,2026-09-08T08:03:03.378565Z,8259,50,LBL Ranger,8259,104,50,LBL Ranger,Navigation.AUV.Ranger,0,0
1788854583.8791099,2026-09-08T08:03:03.879109Z,8259,69,Sidescan,8259,104,69,Sidescan,Sensors.ARCScoutMkII,20,10
1788854584.0118413,2026-09-08T08:03:04.011841Z,8259,76,Multibeam,8259,104,76,Multibeam,Sensors.Imagenex837B,20,0
1788854757.3782356,2026-09-08T08:05:57.378235Z,8259,50,LBL Ranger,8259,104,50,LBL Ranger,Navigation.AUV.Ranger,0,0
1788854767.3922153,2026-09-08T08:06:07.392215Z,8259,69,Sidescan,8259,104,69,Sidescan,Sensors.ARCScoutMkII,20,10
1788854767.394619,2026-09-08T08:06:07.394618Z,8259,76,Multibeam,8259,104,76,Multibeam,Sensors.Imagenex837B,20,0
1788854782.878308,2026-09-08T08:06:22.878308Z,8259,50,LBL Ranger,8259,104,50,LBL Ranger,Navigation.AUV.Ranger,0,0
1788854783.3887417,2026-09-08T08:06:23.388741Z,8259,69,Sidescan,8259,104,69,Sidescan,Sensors.ARCScoutMkII,20,10
1788854783.4896603,2026-09-08T08:06:23.489660Z,8259,76,Multibeam,8259,104,76,Multibeam,Sensors.Imagenex837B,20,0
1788854951.3782415,2026-09-08T08:09:11.378241Z,8259,50,LBL Ranger,8259,104,50,LBL Ranger,Navigation.AUV.Ranger,0,0
1788854960.388136,2026-09-08T08:09:20.388135Z,8259,69,Sidescan,8259,104,69,Sidescan,Sensors.ARCScoutMkII,20,10
1788854960.446039,2026-09-08T08:09:20.446038Z,8259,76,Multibeam,8259,104,76,Multibeam,Sensors.Imagenex837B,20,0
1788854977.3785548,2026-09-08T08:09:37.378554Z,8259,50,LBL Ranger,8259,104,50,LBL Ranger,Navigation.AUV.Ranger,0,0
1788854977.900737,2026-09-08T08:09:37.900737Z,8259,69,Sidescan,8259,104,69,Sidescan,Sensors.ARCScoutMkII,20,10
1788854977.9619143,2026-09-08T08:09:37.961914Z,8259,76,Multibeam,8259,104,76,Multibeam,Sensors.Imagenex837B,20,0
1788855142.3783147,2026-09-08T08:12:22.378314Z,8259,50,LBL Ranger,8259,104,50,LBL Ranger,Navigation.AUV.Ranger,0,0
1788855152.516955,2026-09-08T08:12:32.516954Z,8259,69,Sidescan,8259,104,69,Sidescan,Sensors.ARCScoutMkII,20,10
1788855152.5841763,2026-09-08T08:12:32.584176Z,8259,76,Multibeam,8259,104,76,Multibeam,Sensors.Imagenex837B,20,0
1788855164.3782482,2026-09-08T08:12:44.378248Z,8259,50,LBL Ranger,8259,104,50,LBL Ranger,Navigation.AUV.Ranger,0,0
1788855164.8784811,2026-09-08T08:12:44.878481Z,8259,69,Sidescan,8259,104,69,Sidescan,Sensors.ARCScoutMkII,20,10
1788855164.958519,2026-09-08T08:12:44.958518Z,8259,76,Multibeam,8259,104,76,Multibeam,Sensors.Imagenex837B,20,0
1788855327.167072,2026-09-08T08:15:27.167072Z,8259,69,Sidescan,8259,104,69,Sidescan,Sensors.ARCScoutMkII,20,10
1788855327.2900846,2026-09-08T08:15:27.290084Z,8259,76,Multibeam,8259,104,76,Multibeam,Sensors.Imagenex837B,20,0
1788855327.8783014,2026-09-08T08:15:27.878301Z,8259,50,LBL Ranger,8259,104,50,LBL Ranger,Navigation.AUV.Ranger,0,0
1788855348.8781538,2026-09-08T08:15:48.878153Z,8259,50,LBL Ranger,8259,104,50,LBL Ranger,Navigation.AUV.Ranger,0,0
1788855349.3995216,2026-09-08T08:15:49.399521Z,8259,69,Sidescan,8259,104,69,Sidescan,Sensors.ARCScoutMkII,20,10
1788855349.4116838,2026-09-08T08:15:49.411683Z,8259,76,Multibeam,8259,104,76,Multibeam,Sensors.Imagenex837B,20,0
1788855511.378183,2026-09-08T08:18:31.378182Z,8259,50,LBL Ranger,8259,104,50,LBL Ranger,Navigation.AUV.Ranger,0,0
1788855520.4838884,2026-09-08T08:18:40.483888Z,8259,69,Sidescan,8259,104,69,Sidescan,Sensors.ARCScoutMkII,20,10
1788855520.559129,2026-09-08T08:18:40.559129Z,8259,76,Multibeam,8259,104,76,Multibeam,Sensors.Imagenex837B,20,0
1788855533.0909407,2026-09-08T08:18:53.090940Z,8259,69,Sidescan,8259,104,69,Sidescan,Sensors.ARCScoutMkII,20,10
1788855533.1414428,2026-09-08T08:18:53.141442Z,8259,76,Multibeam,8259,104,76,Multibeam,Sensors.Imagenex837B,20,0
1788855533.878234,2026-09-08T08:18:53.878233Z,8259,50,LBL Ranger,8259,104,50,LBL Ranger,Navigation.AUV.Ranger,0,0
1788855693.8782194,2026-09-08T08:21:33.878219Z,8259,50,LBL Ranger,8259,104,50,LBL Ranger,Navigation.AUV.Ranger,0,0
1788855694.3849041,2026-09-08T08:21:34.384904Z,8259,69,Sidescan,8259,104,69,Sidescan,Sensors.ARCScoutMkII,20,10
1788855694.5004268,2026-09-08T08:21:34.500426Z,8259,76,Multibeam,8259,104,76,Multibeam,Sensors.Imagenex837B,20,0
1788855880.8782277,2026-09-08T08:24:40.878227Z,8259,50,LBL Ranger,8259,104,50,LBL Ranger,Navigation.AUV.Ranger,0,0
