timestamp,utc,src,src_ent,src_ent_label,dst,dst_ent,jamming_prob,jam_stat,rf_noise,ant_stat,ant_pwr
1788853799.6906722,2026-09-08T07:49:59.690672Z,8259,71,GPS,65535,255,28,0,96,2,1
1788853830.6823413,2026-09-08T07:50:30.682341Z,8259,71,GPS,65535,255,19,0,97,2,1
1788853860.6955144,2026-09-08T07:51:00.695514Z,8259,71,GPS,65535,255,20,0,100,2,1
1788853890.695703,2026-09-08T07:51:30.695703Z,8259,71,GPS,65535,255,25,0,101,2,1
1788853921.6867223,2026-09-08T07:52:01.686722Z,8259,71,GPS,65535,255,23,0,102,2,1
1788853951.6914177,2026-09-08T07:52:31.691417Z,8259,71,GPS,65535,255,25,0,103,2,1
1788853981.7012353,2026-09-08T07:53:01.701235Z,8259,71,GPS,65535,255,31,0,103,2,1
1788854011.6947126,2026-09-08T07:53:31.694712Z,8259,71,GPS,65535,255,33,0,103,2,1
1788854041.6981747,2026-09-08T07:54:01.698174Z,8259,71,GPS,65535,255,33,0,104,2,1
1788854072.7010286,2026-09-08T07:54:32.701028Z,8259,71,GPS,65535,255,32,0,103,2,1
1788854102.693507,2026-09-08T07:55:02.693506Z,8259,71,GPS,65535,255,19,0,103,2,1
1788854132.6946988,2026-09-08T07:55:32.694698Z,8259,71,GPS,65535,255,36,0,103,2,1
1788854162.7007098,2026-09-08T07:56:02.700709Z,8259,71,GPS,65535,255,36,0,103,2,1
1788854192.6992161,2026-09-08T07:56:32.699216Z,8259,71,GPS,65535,255,32,0,103,2,1
1788854223.5517864,2026-09-08T07:57:03.551786Z,8259,71,GPS,65535,255,26,0,103,2,1
1788854253.6736698,2026-09-08T07:57:33.673669Z,8259,71,GPS,65535,255,30,0,103,2,1
1788854283.705138,2026-09-08T07:58:03.705137Z,8259,71,GPS,65535,255,26,0,103,2,1
1788854313.7093244,2026-09-08T07:58:33.709324Z,8259,71,GPS,65535,255,28,0,103,2,1
1788854343.7161405,2026-09-08T07:59:03.716140Z,8259,71,GPS,65535,255,18,0,103,2,1
1788854374.71456,2026-09-08T07:59:34.714560Z,8259,71,GPS,65535,255,29,0,102,2,1
1788854404.7089078,2026-09-08T08:00:04.708907Z,8259,71,GPS,65535,255,27,0,103,2,1
1788854435.5821347,2026-09-08T08:00:35.582134Z,8259,71,GPS,65535,255,28,0,103,2,1
1788854465.6976843,2026-09-08T08:01:05.697684Z,8259,71,GPS,65535,255,29,0,103,2,1
1788854496.6979427,2026-09-08T08:01:36.697942Z,8259,71,GPS,65535,255,32,0,103,2,1
1788854526.7040367,2026-09-08T08:02:06.704036Z,8259,71,GPS,65535,255,30,0,103,2,1
1788854556.694002,2026-09-08T08:02:36.694001Z,8259,71,GPS,65535,255,29,0,103,2,1
1788854586.6911983,2026-09-08T08:03:06.691198Z,8259,71,GPS,65535,255,29,0,103,2,1
1788854617.6895418,2026-09-08T08:03:37.689541Z,8259,71,GPS,65535,255,31,0,103,2,1
1788854647.7026572,2026-09-08T08:04:07.702657Z,8259,71,GPS,65535,255,23,0,103,2,1
1788854677.694051,2026-09-08T08:04:37.694051Z,8259,71,GPS,65535,255,33,0,103,2,1
1788854708.6958647,2026-09-08T08:05:08.695864Z,8259,71,GPS,65535,255,29,0,102,2,1
1788854738.703389,2026-09-08T08:05:38.703388Z,8259,71,GPS,65535,255,31,0,103,2,1
1788854768.6906066,2026-09-08T08:06:08.690606Z,8259,71,GPS,65535,255,28,0,103,2,1
1788854798.6941543,2026-09-08T08:06:38.694154Z,8259,71,GPS,65535,255,32,0,103,2,1
1788854828.5586145,2026-09-08T08:07:08.558614Z,8259,71,GPS,65535,255,26,0,102,2,1
1788854858.6782398,2026-09-08T08:07:38.678239Z,8259,71,GPS,65535,255,23,0,102,2,1
1788854889.694526,2026-09-08T08:08:09.694525Z,8259,71,GPS,65535,255,32,0,103,2,1
1788854919.686159,2026-09-08T08:08:39.686158Z,8259,71,GPS,65535,255,32,0,102,2,1
1788854949.6942976,2026-09-08T08:09:09.694297Z,8259,71,GPS,65535,255,29,0,103,2,1
1788854979.6948152,2026-09-08T08:09:39.694815Z,8259,71,GPS,65535,255,31,0,103,2,1
1788855010.6963103,2026-09-08T08:10:10.696310Z,8259,71,GPS,65535,255,24,0,103,2,1
1788855040.696303,2026-09-08T08:10:40.696302Z,8259,71,GPS,65535,255,24,0,103,2,1
1788855070.6928291,2026-09-08T08:11:10.692829Z,8259,71,GPS,65535,255,21,0,103,2,1
1788855100.7053688,2026-09-08T08:11:40.705368Z,8259,71,GPS,65535,255,23,0,103,2,1
1788855131.7009993,2026-09-08T08:12:11.700999Z,8259,71,GPS,65535,255,32,0,102,2,1
1788855161.5485756,2026-09-08T08:12:41.548575Z,8259,71,GPS,65535,255,31,0,103,2,1
1788855191.6959136,2026-09-08T08:13:11.695913Z,8259,71,GPS,65535,255,22,0,102,2,1
1788855222.6980338,2026-09-08T08:13:42.698033Z,8259,71,GPS,65535,255,29,0,103,2,1
1788855252.700982,2026-09-08T08:14:12.700982Z,8259,71,GPS,65535,255,28,0,103,2,1
1788855282.7040105,2026-09-08T08:14:42.704010Z,8259,71,GPS,65535,255,23,0,103,2,1
1788855312.699581,2026-09-08T08:15:12.699580Z,8259,71,GPS,65535,255,23,0,103,2,1
1788855343.706926,2026-09-08T08:15:43.706926Z,8259,71,GPS,65535,255,29,0,103,2,1
1788855373.701905,2026-09-08T08:16:13.701905Z,8259,71,GPS,65535,255,23,0,103,2,1
1788855403.5852761,2026-09-08T08:16:43.585276Z,8259,71,GPS,65535,255,22,0,103,2,1
1788855433.7013502,2026-09-08T08:17:13.701350Z,8259,71,GPS,65535,255,22,0,103,2,1
1788855464.7034707,2026-09-08T08:17:44.703470Z,8259,71,GPS,65535,255,22,0,102,2,1
1788855494.7022114,2026-09-08T08:18:14.702211Z,8259,71,GPS,65535,255,21,0,103,2,1
1788855524.6941376,2026-09-08T08:18:44.694137Z,8259,71,GPS,65535,255,22,0,103,2,1
1788855554.6887693,2026-09-08T08:19:14.688769Z,8259,71,GPS,65535,255,23,0,102,2,1
1788855584.6908069,2026-09-08T08:19:44.690806Z,8259,71,GPS,65535,255,24,0,102,2,1
1788855615.6951797,2026-09-08T08:20:15.695179Z,8259,71,GPS,65535,255,22,0,102,2,1
1788855645.693239,2026-09-08T08:20:45.693238Z,8259,71,GPS,65535,255,23,0,102,2,1
1788855676.699021,2026-09-08T08:21:16.699021Z,8259,71,GPS,65535,255,22,0,102,2,1
1788855706.6914968,2026-09-08T08:21:46.691496Z,8259,71,GPS,65535,255,24,0,103,2,1
1788855736.5485342,2026-09-08T08:22:16.548534Z,8259,71,GPS,65535,255,21,0,103,2,1
1788855767.6686585,2026-09-08T08:22:47.668658Z,8259,71,GPS,65535,255,22,0,103,2,1
1788855797.7018037,2026-09-08T08:23:17.701803Z,8259,71,GPS,65535,255,23,0,102,2,1
1788855827.7105424,2026-09-08T08:23:47.710542Z,8259,71,GPS,65535,255,25,0,102,2,1
1788855857.6977093,2026-09-08T08:24:17.697709Z,8259,71,GPS,65535,255,19,0,103,2,1
