timestamp,utc,src,src_ent,src_ent_label,dst,dst_ent,seq,value,error
1788853801.5836189,2026-09-08T07:50:01.583618Z,8259,99,Acoustic Modem,8259,107,59,5,
1788853802.1314292,2026-09-08T07:50:02.131429Z,8259,99,Acoustic Modem,8259,107,59,0,
1788853861.6342824,2026-09-08T07:51:01.634282Z,8259,99,Acoustic Modem,8259,107,60,5,
1788853862.2154558,2026-09-08T07:51:02.215455Z,8259,99,Acoustic Modem,8259,107,60,0,
1788853888.3840396,2026-09-08T07:51:28.384039Z,8259,99,Acoustic Modem,8259,107,61,5,
1788853888.55377,2026-09-08T07:51:28.553770Z,8259,99,Acoustic Modem,8259,107,61,0,
1788853921.6953912,2026-09-08T07:52:01.695391Z,8259,99,Acoustic Modem,8259,107,62,5,
1788853922.2382395,2026-09-08T07:52:02.238239Z,8259,99,Acoustic Modem,8259,107,62,0,
1788853981.6849904,2026-09-08T07:53:01.684990Z,8259,99,Acoustic Modem,8259,107,63,5,
1788853982.2271652,2026-09-08T07:53:02.227165Z,8259,99,Acoustic Modem,8259,107,63,0,
1788854041.732997,2026-09-08T07:54:01.732996Z,8259,99,Acoustic Modem,8259,107,64,5,
1788854042.2804968,2026-09-08T07:54:02.280496Z,8259,99,Acoustic Modem,8259,107,64,0,
1788854097.3060884,2026-09-08T07:54:57.306088Z,8259,99,Acoustic Modem,8259,107,65,5,
1788854097.4699073,2026-09-08T07:54:57.469907Z,8259,99,Acoustic Modem,8259,107,65,0,
1788854101.7339115,2026-09-08T07:55:01.733911Z,8259,99,Acoustic Modem,8259,107,66,5,
1788854102.2777812,2026-09-08T07:55:02.277781Z,8259,99,Acoustic Modem,8259,107,66,0,
1788854148.254674,2026-09-08T07:55:48.254673Z,8259,99,Acoustic Modem,8259,107,67,5,
1788854148.4356618,2026-09-08T07:55:48.435661Z,8259,99,Acoustic Modem,8259,107,67,0,
1788854161.7851174,2026-09-08T07:56:01.785117Z,8259,99,Acoustic Modem,8259,107,68,5,
1788854162.3256555,2026-09-08T07:56:02.325655Z,8259,99,Acoustic Modem,8259,107,68,0,
1788854221.834268,2026-09-08T07:57:01.834268Z,8259,99,Acoustic Modem,8259,107,69,5,
1788854222.375463,2026-09-08T07:57:02.375463Z,8259,99,Acoustic Modem,8259,107,69,0,
1788854281.885102,2026-09-08T07:58:01.885102Z,8259,99,Acoustic Modem,8259,107,70,5,
1788854282.4262044,2026-09-08T07:58:02.426204Z,8259,99,Acoustic Modem,8259,107,70,0,
1788854341.8859458,2026-09-08T07:59:01.885945Z,8259,99,Acoustic Modem,8259,107,71,5,
1788854342.426836,2026-09-08T07:59:02.426836Z,8259,99,Acoustic Modem,8259,107,71,0,
1788854401.9343457,2026-09-08T08:00:01.934345Z,8259,99,Acoustic Modem,8259,107,72,5,
1788854402.4783013,2026-09-08T08:00:02.478301Z,8259,99,Acoustic Modem,8259,107,72,0,
1788854461.933965,2026-09-08T08:01:01.933964Z,8259,99,Acoustic Modem,8259,107,73,5,
1788854462.478999,2026-09-08T08:01:02.478998Z,8259,99,Acoustic Modem,8259,107,73,0,
1788854521.9336853,2026-09-08T08:02:01.933685Z,8259,99,Acoustic Modem,8259,107,74,5,
1788854522.4822133,2026-09-08T08:02:02.482213Z,8259,99,Acoustic Modem,8259,107,74,0,
1788854581.9790702,2026-09-08T08:03:01.979070Z,8259,99,Acoustic Modem,8259,107,75,5,
1788854582.5261452,2026-09-08T08:03:02.526145Z,8259,99,Acoustic Modem,8259,107,75,0,
1788854641.989596,2026-09-08T08:04:01.989595Z,8259,99,Acoustic Modem,8259,107,76,5,
1788854642.5329137,2026-09-08T08:04:02.532913Z,8259,99,Acoustic Modem,8259,107,76,0,
1788854701.9842184,2026-09-08T08:05:01.984218Z,8259,99,Acoustic Modem,8259,107,77,5,
1788854702.527351,2026-09-08T08:05:02.527350Z,8259,99,Acoustic Modem,8259,107,77,0,
1788854762.0351303,2026-09-08T08:06:02.035130Z,8259,99,Acoustic Modem,8259,107,78,5,
1788854762.5775423,2026-09-08T08:06:02.577542Z,8259,99,Acoustic Modem,8259,107,78,0,
1788854822.0839615,2026-09-08T08:07:02.083961Z,8259,99,Acoustic Modem,8259,107,79,5,
1788854822.6300492,2026-09-08T08:07:02.630049Z,8259,99,Acoustic Modem,8259,107,79,0,
1788854882.1353736,2026-09-08T08:08:02.135373Z,8259,99,Acoustic Modem,8259,107,80,5,
1788854882.6768322,2026-09-08T08:08:02.676832Z,8259,99,Acoustic Modem,8259,107,80,0,
1788854942.184675,2026-09-08T08:09:02.184674Z,8259,99,Acoustic Modem,8259,107,81,5,
1788854942.7278621,2026-09-08T08:09:02.727862Z,8259,99,Acoustic Modem,8259,107,81,0,
1788855002.1831498,2026-09-08T08:10:02.183149Z,8259,99,Acoustic Modem,8259,107,82,5,
1788855002.7343104,2026-09-08T08:10:02.734310Z,8259,99,Acoustic Modem,8259,107,82,0,
1788855062.1839025,2026-09-08T08:11:02.183902Z,8259,99,Acoustic Modem,8259,107,83,5,
1788855062.7330194,2026-09-08T08:11:02.733019Z,8259,99,Acoustic Modem,8259,107,83,0,
1788855122.185021,2026-09-08T08:12:02.185020Z,8259,99,Acoustic Modem,8259,107,84,5,
1788855122.726785,2026-09-08T08:12:02.726784Z,8259,99,Acoustic Modem,8259,107,84,0,
1788855182.2338486,2026-09-08T08:13:02.233848Z,8259,99,Acoustic Modem,8259,107,85,5,
1788855182.7821388,2026-09-08T08:13:02.782138Z,8259,99,Acoustic Modem,8259,107,85,0,
1788855242.2358382,2026-09-08T08:14:02.235838Z,8259,99,Acoustic Modem,8259,107,86,5,
1788855242.777807,2026-09-08T08:14:02.777806Z,8259,99,Acoustic Modem,8259,107,86,0,
1788855302.2874157,2026-09-08T08:15:02.287415Z,8259,99,Acoustic Modem,8259,107,87,5,
1788855302.8295913,2026-09-08T08:15:02.829591Z,8259,99,Acoustic Modem,8259,107,87,0,
1788855362.3332276,2026-09-08T08:16:02.333227Z,8259,99,Acoustic Modem,8259,107,88,5,
1788855362.880323,2026-09-08T08:16:02.880322Z,8259,99,Acoustic Modem,8259,107,88,0,
1788855422.3343482,2026-09-08T08:17:02.334348Z,8259,99,Acoustic Modem,8259,107,89,5,
1788855422.8853283,2026-09-08T08:17:02.885328Z,8259,99,Acoustic Modem,8259,107,89,0,
1788855482.3353615,2026-09-08T08:18:02.335361Z,8259,99,Acoustic Modem,8259,107,90,5,
1788855482.8769095,2026-09-08T08:18:02.876909Z,8259,99,Acoustic Modem,8259,107,90,0,
1788855542.3844762,2026-09-08T08:19:02.384476Z,8259,99,Acoustic Modem,8259,107,91,5,
1788855542.9288156,2026-09-08T08:19:02.928815Z,8259,99,Acoustic Modem,8259,107,91,0,
1788855602.4355645,2026-09-08T08:20:02.435564Z,8259,99,Acoustic Modem,8259,107,92,5,
1788855602.9771245,2026-09-08T08:20:02.977124Z,8259,99,Acoustic Modem,8259,107,92,0,
1788855662.4849932,2026-09-08T08:21:02.484993Z,8259,99,Acoustic Modem,8259,107,93,5,
1788855663.0296898,2026-09-08T08:21:03.029689Z,8259,99,Acoustic Modem,8259,107,93,0,
1788855722.485474,2026-09-08T08:22:02.485474Z,8259,99,Acoustic Modem,8259,107,94,5,
1788855723.0287626,2026-09-08T08:22:03.028762Z,8259,99,Acoustic Modem,8259,107,94,0,
1788855782.5424664,2026-09-08T08:23:02.542466Z,8259,99,Acoustic Modem,8259,107,95,5,
1788855783.0858352,2026-09-08T08:23:03.085835Z,8259,99,Acoustic Modem,8259,107,95,0,
1788855842.5352154,2026-09-08T08:24:02.535215Z,8259,99,Acoustic Modem,8259,107,96,5,
1788855843.0780993,2026-09-08T08:24:03.078099Z,8259,99,Acoustic Modem,8259,107,96,0,
1788855877.8965712,2026-09-08T08:24:37.896571Z,8259,99,Acoustic Modem,8259,107,97,5,
1788855878.458871,2026-09-08T08:24:38.458870Z,8259,99,Acoustic Modem,8259,107,97,0,
