recording,Recording duration (min),Pings,Valid bottom picks,Invalid bottom picks,Valid georeferenced picks,Minimum bottom range (m),Maximum bottom range (m),Observed track length (m),Unconnected GPS intervals,Maximum ping interval (s)
20260907_100153,29.9931666692098,8985.0,8985.0,0.0,8984.0,9.240690231323242,50.03022766113281,494.13086518353873,1.0,0.4000000953674316
20260907_103153,29.9967666665713,8993.0,644.0,8349.0,644.0,10.122435569763184,59.87050628662109,1815.5881593276044,1.0,0.4000000953674316
20260907_110153,29.99675000111262,8992.0,298.0,8694.0,298.0,10.17534065246582,59.90577697753906,864.1250169843038,0.0,0.4000000953674316
20260907_113153,29.9967666665713,8985.0,563.0,8422.0,563.0,7.494834899902344,59.87050628662109,1352.0615970072618,1.0,0.4000000953674316
20260907_120153,29.996749997138977,8993.0,7637.0,1356.0,7637.0,12.503148078918455,59.88814163208008,888.5655324393321,1.0,0.4000000953674316
20260907_123153,29.9967666665713,8973.0,8973.0,0.0,8972.0,28.25111961364746,32.43059158325195,257.372781384594,1.0,0.5999999046325684
20260907_130153,29.99675000111262,8981.0,8981.0,0.0,8980.0,17.299842834472656,55.30306625366211,1752.662777028849,1.0,0.4000000953674316
20260907_133153,29.99675000111262,8970.0,8970.0,0.0,8969.0,2.3807122707366943,55.6204948425293,1210.3591535186804,1.0,0.4000000953674316
20260907_140153,29.9967666665713,8972.0,8972.0,0.0,8971.0,6.136947154998779,59.87050628662109,1334.162022271078,1.0,0.4000000953674316
20260907_143153,20.330066665013632,6088.0,6088.0,0.0,6087.0,10.986546516418455,58.33626937866211,1102.8057481122307,1.0,0.4000000953674316
